,epoch_number,device,max_epoch,batch_size,framework,dataset,model,power,temp,mem_used,gpu_util,mem_util,precision,recall,accuracy,f1
0,1,gpu,10,128,pytorch,CIFAR10,resnet101,117.242,36.53,2083.4,47.092,18.388,0.314,0.292,0.293,0.277
1,1,gpu,10,128,pytorch,CIFAR10,resnet152,132.639,37.365,2438.462,51.269,19.269,0.314,0.286,0.286,0.279
2,1,gpu,10,128,pytorch,CIFAR10,resnet50,102.647,34.254,1678.268,33.42,13.379,0.33,0.314,0.315,0.298
3,1,gpu,10,128,pytorch,CIFAR100,resnet101,121.966,36.69,2113.476,47.238,18.524,0.058,0.062,0.062,0.044
4,1,gpu,10,128,pytorch,CIFAR100,resnet152,134.519,37.237,2519.931,49.442,18.595,0.053,0.058,0.058,0.039
5,1,gpu,10,128,pytorch,CIFAR100,resnet50,100.6,34.054,1616.179,34.679,13.696,0.066,0.066,0.066,0.051
6,1,gpu,10,128,pytorch,SVHN,resnet101,131.221,37.416,2292.472,49.812,19.925,0.218,0.164,0.213,0.144
7,1,gpu,10,128,pytorch,SVHN,resnet152,134.491,38.094,2501.724,52.545,20.014,0.174,0.146,0.205,0.116
8,1,gpu,10,128,pytorch,SVHN,resnet50,85.125,32.492,1283.282,28.574,11.801,0.227,0.211,0.257,0.188
9,1,gpu,10,256,pytorch,CIFAR10,resnet101,119.826,38.11,2272.89,46.949,21.812,0.24,0.232,0.232,0.216
10,1,gpu,10,256,pytorch,CIFAR10,resnet152,145.164,39.339,2918.489,55.604,24.614,0.238,0.236,0.236,0.217
11,1,gpu,10,256,pytorch,CIFAR10,resnet50,104.816,35.814,1778.377,37.718,17.736,0.252,0.246,0.245,0.237
12,1,gpu,10,256,pytorch,CIFAR100,resnet101,127.434,38.2,2297.338,46.54,21.575,0.03,0.028,0.029,0.022
13,1,gpu,10,256,pytorch,CIFAR100,resnet152,145.781,39.35,2775.229,54.299,24.749,0.033,0.035,0.034,0.024
14,1,gpu,10,256,pytorch,CIFAR100,resnet50,102.04,35.5,1802.0,36.545,17.136,0.04,0.038,0.038,0.029
15,1,gpu,10,256,pytorch,SVHN,resnet101,139.421,38.956,2503.543,51.686,24.077,0.129,0.122,0.18,0.098
16,1,gpu,10,256,pytorch,SVHN,resnet152,150.48,40.289,2905.134,55.528,24.96,0.116,0.11,0.179,0.077
17,1,gpu,10,256,pytorch,SVHN,resnet50,76.308,32.05,1111.619,23.735,11.596,0.126,0.119,0.173,0.1
18,1,gpu,10,32,pytorch,CIFAR10,resnet101,78.611,32.739,2148.639,35.678,6.854,0.39,0.354,0.353,0.342
19,1,gpu,10,32,pytorch,CIFAR10,resnet152,73.722,31.85,2420.826,36.251,5.74,0.352,0.322,0.323,0.288
20,1,gpu,10,32,pytorch,CIFAR10,resnet50,74.884,33.165,1764.035,31.691,8.218,0.4,0.362,0.363,0.347
21,1,gpu,10,32,pytorch,CIFAR100,resnet101,86.86,33.096,2077.13,36.098,7.24,0.103,0.089,0.089,0.066
22,1,gpu,10,32,pytorch,CIFAR100,resnet152,75.78,32.244,2416.729,36.586,5.785,0.073,0.077,0.079,0.05
23,1,gpu,10,32,pytorch,CIFAR100,resnet50,77.741,32.641,1833.798,32.15,8.285,0.122,0.106,0.107,0.08
24,1,gpu,10,32,pytorch,SVHN,resnet101,71.53,31.033,1757.49,27.453,5.428,0.236,0.239,0.291,0.219
25,1,gpu,10,32,pytorch,SVHN,resnet152,82.48,32.627,2460.611,37.494,6.153,0.152,0.155,0.211,0.122
26,1,gpu,10,32,pytorch,SVHN,resnet50,68.563,29.884,1311.889,22.522,6.193,0.522,0.441,0.487,0.438
27,1,gpu,10,64,pytorch,CIFAR10,resnet101,116.124,34.452,2063.742,44.5,15.323,0.361,0.328,0.326,0.302
28,1,gpu,10,64,pytorch,CIFAR10,resnet152,111.611,34.478,2304.152,43.102,13.752,0.314,0.312,0.311,0.278
29,1,gpu,10,64,pytorch,CIFAR10,resnet50,92.242,32.687,1717.78,33.685,12.939,0.382,0.33,0.328,0.302
30,1,gpu,10,64,pytorch,CIFAR100,resnet101,111.741,34.235,2060.235,41.441,14.029,0.066,0.076,0.077,0.05
31,1,gpu,10,64,pytorch,CIFAR100,resnet152,116.343,35.066,2295.071,45.183,14.225,0.05,0.061,0.06,0.04
32,1,gpu,10,64,pytorch,CIFAR100,resnet50,95.82,32.898,1727.762,36.106,13.934,0.092,0.084,0.084,0.062
33,1,gpu,10,64,pytorch,SVHN,resnet101,114.539,34.957,2150.67,42.47,14.636,0.191,0.176,0.235,0.15
34,1,gpu,10,64,pytorch,SVHN,resnet152,113.922,34.982,2361.445,44.167,14.211,0.16,0.145,0.206,0.109
35,1,gpu,10,64,pytorch,SVHN,resnet50,98.014,32.792,1832.602,35.635,13.921,0.364,0.332,0.372,0.324
36,2,gpu,10,128,pytorch,CIFAR10,resnet101,158.435,39.888,5687.0,62.205,25.08,0.368,0.361,0.363,0.35
37,2,gpu,10,128,pytorch,CIFAR10,resnet152,163.1,41.185,5791.212,65.935,26.102,0.356,0.342,0.344,0.338
38,2,gpu,10,128,pytorch,CIFAR10,resnet50,141.236,37.0,5250.444,52.667,23.722,0.4,0.393,0.394,0.385
39,2,gpu,10,128,pytorch,CIFAR100,resnet101,162.484,40.107,5691.0,62.643,26.0,0.087,0.09,0.093,0.073
40,2,gpu,10,128,pytorch,CIFAR100,resnet152,155.504,40.698,5929.0,63.468,24.227,0.081,0.088,0.089,0.068
41,2,gpu,10,128,pytorch,CIFAR100,resnet50,143.876,37.375,5407.0,64.688,27.188,0.12,0.107,0.109,0.092
42,2,gpu,10,128,pytorch,SVHN,resnet101,160.773,40.998,7439.0,65.155,26.805,0.288,0.262,0.318,0.252
43,2,gpu,10,128,pytorch,SVHN,resnet152,170.1,42.111,7247.584,66.612,26.072,0.284,0.238,0.3,0.221
44,2,gpu,10,128,pytorch,SVHN,resnet50,147.208,36.958,6968.083,56.125,25.417,0.53,0.474,0.515,0.481
45,2,gpu,10,256,pytorch,CIFAR10,resnet101,195.443,43.018,6535.0,71.695,34.855,0.3,0.295,0.293,0.278
46,2,gpu,10,256,pytorch,CIFAR10,resnet152,195.103,43.815,6869.0,74.082,34.062,0.308,0.304,0.304,0.294
47,2,gpu,10,256,pytorch,CIFAR10,resnet50,164.655,39.69,5908.286,69.845,36.643,0.332,0.328,0.327,0.322
48,2,gpu,10,256,pytorch,CIFAR100,resnet101,184.492,42.623,6539.0,77.109,35.568,0.057,0.056,0.057,0.04
49,2,gpu,10,256,pytorch,CIFAR100,resnet152,198.787,44.088,6871.0,80.036,35.881,0.071,0.069,0.069,0.052
50,2,gpu,10,256,pytorch,CIFAR100,resnet50,162.678,39.333,5877.167,61.667,33.917,0.07,0.074,0.076,0.059
51,2,gpu,10,256,pytorch,SVHN,resnet101,192.621,43.845,7693.133,77.15,37.517,0.228,0.21,0.263,0.196
52,2,gpu,10,256,pytorch,SVHN,resnet152,202.856,45.625,8163.0,77.925,37.45,0.172,0.159,0.216,0.138
53,2,gpu,10,256,pytorch,SVHN,resnet50,167.298,38.167,7174.556,67.556,36.5,0.208,0.189,0.236,0.179
54,2,gpu,10,32,pytorch,CIFAR10,resnet101,85.576,32.482,5413.0,39.37,7.882,0.447,0.41,0.409,0.404
55,2,gpu,10,32,pytorch,CIFAR10,resnet152,74.753,31.05,5687.0,38.708,6.169,0.417,0.362,0.362,0.338
56,2,gpu,10,32,pytorch,CIFAR10,resnet50,92.782,33.118,5223.667,38.249,10.678,0.454,0.422,0.421,0.414
57,2,gpu,10,32,pytorch,CIFAR100,resnet101,82.747,32.536,5391.842,37.913,7.509,0.143,0.124,0.124,0.099
58,2,gpu,10,32,pytorch,CIFAR100,resnet152,90.971,32.651,5668.36,39.58,6.789,0.141,0.102,0.103,0.078
59,2,gpu,10,32,pytorch,CIFAR100,resnet50,86.252,32.518,5231.714,37.71,10.319,0.178,0.143,0.145,0.122
60,2,gpu,10,32,pytorch,SVHN,resnet101,87.452,32.525,6909.5,39.178,7.901,0.645,0.581,0.625,0.595
61,2,gpu,10,32,pytorch,SVHN,resnet152,87.44,32.42,7125.0,39.138,6.631,0.477,0.382,0.445,0.384
62,2,gpu,10,32,pytorch,SVHN,resnet50,102.594,33.101,6664.177,39.43,11.251,0.744,0.711,0.734,0.719
63,2,gpu,10,64,pytorch,CIFAR10,resnet101,131.283,37.206,5537.462,51.35,18.44,0.41,0.392,0.391,0.376
64,2,gpu,10,64,pytorch,CIFAR10,resnet152,124.856,36.779,5725.0,45.965,15.442,0.397,0.374,0.373,0.36
65,2,gpu,10,64,pytorch,CIFAR10,resnet50,130.928,35.612,5333.8,53.293,21.607,0.438,0.402,0.401,0.386
66,2,gpu,10,64,pytorch,CIFAR100,resnet101,127.885,36.614,5599.0,48.352,17.043,0.128,0.112,0.114,0.086
67,2,gpu,10,64,pytorch,CIFAR100,resnet152,128.394,37.122,5727.0,50.543,16.51,0.084,0.092,0.094,0.068
68,2,gpu,10,64,pytorch,CIFAR100,resnet50,112.167,34.76,5359.288,43.575,18.105,0.142,0.125,0.127,0.1
69,2,gpu,10,64,pytorch,SVHN,resnet101,129.471,37.234,6975.342,52.13,18.362,0.466,0.408,0.463,0.405
70,2,gpu,10,64,pytorch,SVHN,resnet152,129.759,37.331,7163.0,51.845,16.91,0.376,0.292,0.35,0.278
71,2,gpu,10,64,pytorch,SVHN,resnet50,119.203,35.112,6784.32,44.0,17.931,0.646,0.624,0.654,0.626
72,3,gpu,10,128,pytorch,CIFAR10,resnet101,160.473,40.892,5687.0,60.677,25.202,0.397,0.392,0.393,0.382
73,3,gpu,10,128,pytorch,CIFAR10,resnet152,172.422,42.048,5953.0,64.952,25.0,0.38,0.371,0.372,0.362
74,3,gpu,10,128,pytorch,CIFAR10,resnet50,143.926,37.944,5405.0,53.833,24.333,0.438,0.429,0.432,0.424
75,3,gpu,10,128,pytorch,CIFAR100,resnet101,160.128,40.933,5691.0,68.067,26.2,0.108,0.11,0.113,0.095
76,3,gpu,10,128,pytorch,CIFAR100,resnet152,166.566,41.693,5929.0,66.62,24.932,0.1,0.106,0.108,0.084
77,3,gpu,10,128,pytorch,CIFAR100,resnet50,141.624,37.938,5407.0,56.312,24.188,0.148,0.132,0.135,0.118
78,3,gpu,10,128,pytorch,SVHN,resnet101,156.785,41.432,7439.0,60.568,25.045,0.49,0.42,0.471,0.43
79,3,gpu,10,128,pytorch,SVHN,resnet152,170.541,43.052,7249.0,69.086,26.655,0.447,0.4,0.455,0.403
80,3,gpu,10,128,pytorch,SVHN,resnet50,148.003,38.075,7157.0,56.601,25.919,0.662,0.63,0.66,0.637
81,3,gpu,10,256,pytorch,CIFAR10,resnet101,186.281,43.7,6535.0,72.05,36.05,0.354,0.344,0.343,0.334
82,3,gpu,10,256,pytorch,CIFAR10,resnet152,204.782,44.979,6869.0,76.081,34.981,0.34,0.337,0.337,0.327
83,3,gpu,10,256,pytorch,CIFAR10,resnet50,171.749,40.75,6107.0,68.833,36.083,0.366,0.364,0.363,0.356
84,3,gpu,10,256,pytorch,CIFAR100,resnet101,197.901,43.9,6539.0,70.15,35.0,0.082,0.076,0.077,0.06
85,3,gpu,10,256,pytorch,CIFAR100,resnet152,192.119,45.118,6871.0,74.06,35.124,0.087,0.083,0.085,0.066
86,3,gpu,10,256,pytorch,CIFAR100,resnet50,169.583,40.143,6109.0,67.714,35.095,0.108,0.104,0.107,0.09
87,3,gpu,10,256,pytorch,SVHN,resnet101,193.723,45.0,7829.0,76.733,37.267,0.378,0.346,0.397,0.338
88,3,gpu,10,256,pytorch,SVHN,resnet152,209.093,46.741,8163.0,81.034,37.604,0.276,0.246,0.294,0.234
89,3,gpu,10,256,pytorch,SVHN,resnet50,163.306,39.389,7401.0,65.778,36.167,0.3,0.29,0.341,0.282
90,3,gpu,10,32,pytorch,CIFAR10,resnet101,85.589,32.305,5413.0,38.752,7.62,0.465,0.43,0.429,0.428
91,3,gpu,10,32,pytorch,CIFAR10,resnet152,72.737,30.895,5687.0,37.95,6.042,0.444,0.391,0.39,0.37
92,3,gpu,10,32,pytorch,CIFAR10,resnet50,88.683,33.18,5281.0,39.783,10.852,0.489,0.468,0.468,0.466
93,3,gpu,10,32,pytorch,CIFAR100,resnet101,91.599,32.703,5419.0,40.342,8.24,0.192,0.147,0.148,0.127
94,3,gpu,10,32,pytorch,CIFAR100,resnet152,87.474,32.382,5689.0,39.032,6.782,0.157,0.115,0.116,0.094
95,3,gpu,10,32,pytorch,CIFAR100,resnet50,92.169,32.921,5287.0,38.865,10.695,0.215,0.169,0.171,0.154
96,3,gpu,10,32,pytorch,SVHN,resnet101,95.902,33.32,6937.0,39.948,8.411,0.754,0.691,0.726,0.712
97,3,gpu,10,32,pytorch,SVHN,resnet152,88.522,32.563,7125.0,39.335,6.691,0.621,0.548,0.599,0.557
98,3,gpu,10,32,pytorch,SVHN,resnet50,88.662,32.906,6721.0,37.358,10.203,0.796,0.78,0.796,0.784
99,3,gpu,10,64,pytorch,CIFAR10,resnet101,136.601,38.008,5597.0,53.144,19.061,0.441,0.428,0.427,0.418
100,3,gpu,10,64,pytorch,CIFAR10,resnet152,121.367,36.94,5725.0,46.393,15.321,0.43,0.412,0.412,0.405
101,3,gpu,10,64,pytorch,CIFAR10,resnet50,125.012,35.888,5437.0,48.31,19.898,0.473,0.44,0.438,0.434
102,3,gpu,10,64,pytorch,CIFAR100,resnet101,129.699,37.404,5599.0,50.773,18.074,0.162,0.134,0.136,0.111
103,3,gpu,10,64,pytorch,CIFAR100,resnet152,122.083,37.317,5727.0,50.986,16.358,0.136,0.113,0.115,0.09
104,3,gpu,10,64,pytorch,CIFAR100,resnet50,123.825,35.596,5441.0,48.39,19.922,0.178,0.15,0.151,0.13
105,3,gpu,10,64,pytorch,SVHN,resnet101,130.213,37.817,7035.0,51.116,18.247,0.665,0.617,0.649,0.628
106,3,gpu,10,64,pytorch,SVHN,resnet152,132.714,37.861,7163.0,53.079,17.265,0.521,0.456,0.509,0.466
107,3,gpu,10,64,pytorch,SVHN,resnet50,119.796,35.697,6875.0,44.427,18.542,0.748,0.73,0.75,0.734
108,4,gpu,10,128,pytorch,CIFAR10,resnet101,158.629,41.485,5687.0,60.855,25.277,0.422,0.42,0.42,0.412
109,4,gpu,10,128,pytorch,CIFAR10,resnet152,166.68,42.643,5955.0,67.405,25.738,0.397,0.391,0.39,0.38
110,4,gpu,10,128,pytorch,CIFAR10,resnet50,139.881,38.278,5405.0,58.556,24.722,0.458,0.45,0.452,0.445
111,4,gpu,10,128,pytorch,CIFAR100,resnet101,160.74,41.544,5691.0,62.51,26.079,0.146,0.13,0.133,0.117
112,4,gpu,10,128,pytorch,CIFAR100,resnet152,165.884,42.024,5929.0,63.833,24.833,0.122,0.118,0.121,0.101
113,4,gpu,10,128,pytorch,CIFAR100,resnet50,138.411,38.489,5407.0,58.589,25.578,0.167,0.154,0.157,0.142
114,4,gpu,10,128,pytorch,SVHN,resnet101,169.941,42.262,7439.0,66.214,27.619,0.587,0.546,0.586,0.556
115,4,gpu,10,128,pytorch,SVHN,resnet152,163.453,43.431,7249.0,67.862,26.776,0.58,0.528,0.577,0.541
116,4,gpu,10,128,pytorch,SVHN,resnet50,155.05,38.917,7157.0,58.542,26.5,0.724,0.712,0.735,0.714
117,4,gpu,10,256,pytorch,CIFAR10,resnet101,198.429,44.755,6535.0,72.973,36.609,0.375,0.37,0.369,0.36
118,4,gpu,10,256,pytorch,CIFAR10,resnet152,203.08,45.714,6869.0,73.964,35.5,0.372,0.373,0.372,0.364
119,4,gpu,10,256,pytorch,CIFAR10,resnet50,172.742,41.167,6107.0,66.583,35.333,0.407,0.403,0.402,0.395
120,4,gpu,10,256,pytorch,CIFAR100,resnet101,193.172,44.441,6539.0,72.7,36.464,0.089,0.092,0.095,0.076
121,4,gpu,10,256,pytorch,CIFAR100,resnet152,188.153,46.148,6871.0,76.731,36.978,0.096,0.1,0.102,0.081
122,4,gpu,10,256,pytorch,CIFAR100,resnet50,169.305,41.036,6109.0,66.202,36.333,0.128,0.122,0.126,0.108
123,4,gpu,10,256,pytorch,SVHN,resnet101,198.156,45.75,7829.0,78.852,37.062,0.511,0.48,0.524,0.479
124,4,gpu,10,256,pytorch,SVHN,resnet152,208.426,47.4,8163.0,77.775,36.025,0.378,0.342,0.393,0.338
125,4,gpu,10,256,pytorch,SVHN,resnet50,166.789,40.167,7401.0,65.667,36.278,0.458,0.43,0.479,0.431
126,4,gpu,10,32,pytorch,CIFAR10,resnet101,85.565,32.438,5413.0,39.651,7.813,0.484,0.448,0.447,0.445
127,4,gpu,10,32,pytorch,CIFAR10,resnet152,73.093,30.981,5687.0,38.187,6.031,0.464,0.418,0.417,0.402
128,4,gpu,10,32,pytorch,CIFAR10,resnet50,86.54,32.681,5281.0,37.17,10.093,0.506,0.475,0.474,0.472
129,4,gpu,10,32,pytorch,CIFAR100,resnet101,94.27,33.189,5419.0,40.449,8.39,0.227,0.166,0.166,0.15
130,4,gpu,10,32,pytorch,CIFAR100,resnet152,93.443,32.979,5689.0,39.268,6.88,0.19,0.128,0.129,0.11
131,4,gpu,10,32,pytorch,CIFAR100,resnet50,89.285,32.714,5287.0,36.578,9.98,0.23,0.182,0.184,0.172
132,4,gpu,10,32,pytorch,SVHN,resnet101,94.646,33.635,6937.0,39.302,8.497,0.773,0.746,0.769,0.754
133,4,gpu,10,32,pytorch,SVHN,resnet152,83.868,31.762,7125.0,39.154,6.693,0.707,0.642,0.683,0.659
134,4,gpu,10,32,pytorch,SVHN,resnet50,95.507,33.088,6721.0,38.01,10.933,0.811,0.8,0.812,0.803
135,4,gpu,10,64,pytorch,CIFAR10,resnet101,131.147,38.024,5597.0,53.305,18.682,0.465,0.453,0.453,0.448
136,4,gpu,10,64,pytorch,CIFAR10,resnet152,123.838,36.929,5725.0,46.488,15.143,0.448,0.428,0.429,0.426
137,4,gpu,10,64,pytorch,CIFAR10,resnet50,124.052,36.448,5437.0,49.393,20.445,0.492,0.459,0.458,0.456
138,4,gpu,10,64,pytorch,CIFAR100,resnet101,131.415,38.039,5599.0,52.835,18.845,0.166,0.152,0.154,0.132
139,4,gpu,10,64,pytorch,CIFAR100,resnet152,126.858,37.463,5727.0,48.898,15.968,0.165,0.134,0.136,0.114
140,4,gpu,10,64,pytorch,CIFAR100,resnet50,118.639,36.075,5441.0,45.719,19.077,0.202,0.164,0.167,0.15
141,4,gpu,10,64,pytorch,SVHN,resnet101,132.798,38.016,7035.0,53.705,18.89,0.734,0.698,0.725,0.706
142,4,gpu,10,64,pytorch,SVHN,resnet152,124.772,37.869,7163.0,50.485,16.737,0.64,0.586,0.625,0.599
143,4,gpu,10,64,pytorch,SVHN,resnet50,116.556,36.062,6875.0,45.146,18.729,0.782,0.759,0.779,0.765
144,5,gpu,10,128,pytorch,CIFAR10,resnet101,158.074,41.156,5687.0,56.875,23.781,0.44,0.434,0.434,0.428
145,5,gpu,10,128,pytorch,CIFAR10,resnet152,166.611,42.667,5955.0,67.244,26.1,0.417,0.41,0.409,0.401
146,5,gpu,10,128,pytorch,CIFAR10,resnet50,145.385,38.903,5405.0,54.924,24.632,0.468,0.462,0.463,0.458
147,5,gpu,10,128,pytorch,CIFAR100,resnet101,163.344,42.014,5691.0,64.151,26.442,0.151,0.142,0.146,0.13
148,5,gpu,10,128,pytorch,CIFAR100,resnet152,167.471,42.42,5929.0,64.393,25.195,0.134,0.13,0.134,0.116
149,5,gpu,10,128,pytorch,CIFAR100,resnet50,129.058,38.681,5407.0,51.792,23.479,0.178,0.167,0.17,0.156
150,5,gpu,10,128,pytorch,SVHN,resnet101,168.589,42.643,7439.0,68.405,27.762,0.663,0.63,0.662,0.638
151,5,gpu,10,128,pytorch,SVHN,resnet152,175.451,43.607,7249.0,66.232,26.125,0.659,0.603,0.643,0.619
152,5,gpu,10,128,pytorch,SVHN,resnet50,137.306,39.244,7157.0,54.667,24.654,0.749,0.735,0.754,0.737
153,5,gpu,10,256,pytorch,CIFAR10,resnet101,191.099,45.05,6535.0,75.75,35.95,0.4,0.395,0.395,0.388
154,5,gpu,10,256,pytorch,CIFAR10,resnet152,191.258,46.286,6869.0,74.357,35.679,0.388,0.39,0.389,0.382
155,5,gpu,10,256,pytorch,CIFAR10,resnet50,171.179,41.433,6107.0,64.033,33.317,0.428,0.423,0.422,0.414
156,5,gpu,10,256,pytorch,CIFAR100,resnet101,195.419,44.95,6539.0,73.718,35.05,0.112,0.109,0.112,0.092
157,5,gpu,10,256,pytorch,CIFAR100,resnet152,201.637,46.56,6871.0,79.076,36.55,0.111,0.11,0.112,0.093
158,5,gpu,10,256,pytorch,CIFAR100,resnet50,167.714,41.417,6109.0,62.75,34.167,0.139,0.134,0.139,0.123
159,5,gpu,10,256,pytorch,SVHN,resnet101,196.426,46.314,7829.0,76.1,38.081,0.605,0.582,0.62,0.588
160,5,gpu,10,256,pytorch,SVHN,resnet152,204.768,47.642,8163.0,79.141,37.093,0.468,0.439,0.483,0.44
161,5,gpu,10,256,pytorch,SVHN,resnet50,183.41,41.326,7401.0,67.403,37.021,0.57,0.544,0.585,0.548
162,5,gpu,10,32,pytorch,CIFAR10,resnet101,84.979,32.442,5413.0,39.121,7.772,0.49,0.446,0.444,0.44
163,5,gpu,10,32,pytorch,CIFAR10,resnet152,75.38,31.026,5687.0,38.178,6.172,0.472,0.426,0.426,0.414
164,5,gpu,10,32,pytorch,CIFAR10,resnet50,85.926,32.421,5281.0,38.57,10.318,0.513,0.49,0.49,0.486
165,5,gpu,10,32,pytorch,CIFAR100,resnet101,95.589,33.581,5419.0,40.149,8.516,0.225,0.171,0.171,0.159
166,5,gpu,10,32,pytorch,CIFAR100,resnet152,86.986,32.508,5689.0,39.225,6.632,0.208,0.134,0.135,0.121
167,5,gpu,10,32,pytorch,CIFAR100,resnet50,91.04,32.463,5287.0,40.165,10.893,0.245,0.196,0.197,0.186
168,5,gpu,10,32,pytorch,SVHN,resnet101,95.333,33.741,6937.0,39.931,8.485,0.789,0.768,0.786,0.774
169,5,gpu,10,32,pytorch,SVHN,resnet152,84.419,32.156,7125.0,38.706,6.449,0.742,0.693,0.727,0.709
170,5,gpu,10,32,pytorch,SVHN,resnet50,101.295,33.474,6721.0,39.986,11.491,0.819,0.808,0.82,0.81
171,5,gpu,10,64,pytorch,CIFAR10,resnet101,131.504,37.94,5597.0,51.282,18.36,0.471,0.46,0.46,0.456
172,5,gpu,10,64,pytorch,CIFAR10,resnet152,122.022,36.988,5725.0,47.155,15.643,0.456,0.438,0.438,0.434
173,5,gpu,10,64,pytorch,CIFAR10,resnet50,129.918,36.679,5437.0,48.616,20.138,0.504,0.471,0.469,0.468
174,5,gpu,10,64,pytorch,CIFAR100,resnet101,133.102,38.058,5599.0,52.038,18.577,0.185,0.163,0.164,0.146
175,5,gpu,10,64,pytorch,CIFAR100,resnet152,124.666,37.413,5727.0,49.788,15.917,0.162,0.143,0.145,0.126
176,5,gpu,10,64,pytorch,CIFAR100,resnet50,117.328,36.188,5441.0,46.219,18.906,0.212,0.178,0.179,0.166
177,5,gpu,10,64,pytorch,SVHN,resnet101,132.333,38.172,7035.0,52.524,18.702,0.754,0.728,0.751,0.734
178,5,gpu,10,64,pytorch,SVHN,resnet152,130.802,37.963,7163.0,53.264,17.424,0.701,0.653,0.685,0.667
179,5,gpu,10,64,pytorch,SVHN,resnet50,121.772,36.39,6875.0,50.671,20.367,0.797,0.775,0.792,0.78
180,6,gpu,10,128,pytorch,CIFAR10,resnet101,157.473,41.436,5687.0,61.542,24.858,0.446,0.44,0.44,0.434
181,6,gpu,10,128,pytorch,CIFAR10,resnet152,161.456,42.667,5955.0,63.143,24.214,0.426,0.419,0.418,0.414
182,6,gpu,10,128,pytorch,CIFAR10,resnet50,146.448,39.0,5405.0,52.778,23.889,0.474,0.47,0.471,0.467
183,6,gpu,10,128,pytorch,CIFAR100,resnet101,164.88,42.479,5691.0,65.14,26.624,0.167,0.154,0.157,0.144
184,6,gpu,10,128,pytorch,CIFAR100,resnet152,167.647,42.57,5929.0,64.774,24.899,0.151,0.142,0.145,0.128
185,6,gpu,10,128,pytorch,CIFAR100,resnet50,139.851,39.0,5407.0,53.444,24.056,0.186,0.173,0.176,0.166
186,6,gpu,10,128,pytorch,SVHN,resnet101,165.646,42.802,7439.0,66.112,26.862,0.688,0.667,0.695,0.672
187,6,gpu,10,128,pytorch,SVHN,resnet152,163.818,43.579,7249.0,67.76,26.674,0.686,0.645,0.678,0.655
188,6,gpu,10,128,pytorch,SVHN,resnet50,159.808,39.928,7157.0,61.053,26.519,0.764,0.76,0.775,0.758
189,6,gpu,10,256,pytorch,CIFAR10,resnet101,192.281,45.423,6535.0,72.086,35.068,0.412,0.408,0.407,0.4
190,6,gpu,10,256,pytorch,CIFAR10,resnet152,195.079,46.4,6869.0,73.933,34.433,0.406,0.409,0.409,0.402
191,6,gpu,10,256,pytorch,CIFAR10,resnet50,172.829,41.929,6107.0,64.5,35.667,0.442,0.438,0.437,0.432
192,6,gpu,10,256,pytorch,CIFAR100,resnet101,191.865,45.7,6539.0,72.35,36.05,0.118,0.122,0.125,0.107
193,6,gpu,10,256,pytorch,CIFAR100,resnet152,206.357,46.857,6871.0,79.484,35.684,0.122,0.124,0.126,0.108
194,6,gpu,10,256,pytorch,CIFAR100,resnet50,184.947,41.833,6109.0,63.917,35.083,0.156,0.148,0.152,0.138
195,6,gpu,10,256,pytorch,SVHN,resnet101,204.282,46.417,7829.0,79.243,37.133,0.651,0.631,0.666,0.637
196,6,gpu,10,256,pytorch,SVHN,resnet152,209.178,47.805,8163.0,77.105,37.006,0.53,0.502,0.543,0.508
197,6,gpu,10,256,pytorch,SVHN,resnet50,175.393,41.681,7401.0,65.986,35.083,0.653,0.629,0.662,0.636
198,6,gpu,10,32,pytorch,CIFAR10,resnet101,82.822,31.988,5413.0,38.011,7.579,0.491,0.445,0.444,0.443
199,6,gpu,10,32,pytorch,CIFAR10,resnet152,75.794,31.003,5687.0,38.342,6.118,0.481,0.434,0.434,0.425
200,6,gpu,10,32,pytorch,CIFAR10,resnet50,87.174,32.474,5281.0,37.449,10.107,0.516,0.492,0.491,0.49
201,6,gpu,10,32,pytorch,CIFAR100,resnet101,93.915,33.373,5419.0,40.208,8.519,0.244,0.177,0.177,0.168
202,6,gpu,10,32,pytorch,CIFAR100,resnet152,95.694,33.077,5689.0,39.094,6.909,0.211,0.146,0.148,0.134
203,6,gpu,10,32,pytorch,CIFAR100,resnet50,82.305,32.011,5287.0,38.706,10.178,0.246,0.199,0.2,0.192
204,6,gpu,10,32,pytorch,SVHN,resnet101,94.052,33.698,6937.0,39.798,8.38,0.798,0.774,0.793,0.78
205,6,gpu,10,32,pytorch,SVHN,resnet152,82.816,31.734,7125.0,39.301,6.65,0.748,0.707,0.738,0.72
206,6,gpu,10,32,pytorch,SVHN,resnet50,100.608,33.829,6721.0,40.685,11.558,0.816,0.813,0.817,0.81
207,6,gpu,10,64,pytorch,CIFAR10,resnet101,131.055,38.093,5597.0,52.093,18.685,0.474,0.462,0.463,0.462
208,6,gpu,10,64,pytorch,CIFAR10,resnet152,123.341,37.0,5725.0,45.655,15.155,0.462,0.448,0.448,0.446
209,6,gpu,10,64,pytorch,CIFAR10,resnet50,125.583,36.83,5437.0,48.183,20.013,0.501,0.474,0.472,0.473
210,6,gpu,10,64,pytorch,CIFAR100,resnet101,138.271,38.214,5599.0,51.707,18.466,0.206,0.176,0.177,0.162
211,6,gpu,10,64,pytorch,CIFAR100,resnet152,127.357,37.476,5727.0,50.074,16.377,0.182,0.152,0.153,0.139
212,6,gpu,10,64,pytorch,CIFAR100,resnet50,124.237,36.429,5441.0,46.605,19.378,0.222,0.182,0.183,0.175
213,6,gpu,10,64,pytorch,SVHN,resnet101,130.89,38.378,7035.0,54.227,19.26,0.774,0.754,0.775,0.76
214,6,gpu,10,64,pytorch,SVHN,resnet152,127.664,37.921,7163.0,52.956,17.194,0.726,0.68,0.71,0.695
215,6,gpu,10,64,pytorch,SVHN,resnet50,116.613,36.188,6875.0,44.869,18.738,0.8,0.786,0.801,0.788
216,7,gpu,10,128,pytorch,CIFAR10,resnet101,157.381,41.727,5687.0,61.529,24.702,0.452,0.444,0.444,0.44
217,7,gpu,10,128,pytorch,CIFAR10,resnet152,165.484,42.733,5955.0,66.448,24.835,0.432,0.424,0.423,0.42
218,7,gpu,10,128,pytorch,CIFAR10,resnet50,135.024,38.944,5405.0,52.667,23.833,0.485,0.48,0.481,0.478
219,7,gpu,10,128,pytorch,CIFAR100,resnet101,170.447,42.633,5691.0,63.6,26.3,0.178,0.16,0.163,0.153
220,7,gpu,10,128,pytorch,CIFAR100,resnet152,169.228,42.78,5929.0,63.864,24.893,0.156,0.148,0.151,0.136
221,7,gpu,10,128,pytorch,CIFAR100,resnet50,148.598,39.278,5407.0,53.826,24.111,0.184,0.174,0.178,0.166
222,7,gpu,10,128,pytorch,SVHN,resnet101,162.154,42.652,7439.0,64.801,27.003,0.716,0.696,0.724,0.701
223,7,gpu,10,128,pytorch,SVHN,resnet152,172.837,43.581,7249.0,68.16,26.564,0.711,0.673,0.702,0.682
224,7,gpu,10,128,pytorch,SVHN,resnet50,143.094,39.846,7157.0,56.577,25.769,0.774,0.756,0.774,0.76
225,7,gpu,10,256,pytorch,CIFAR10,resnet101,190.047,45.464,6535.0,72.345,36.182,0.424,0.422,0.421,0.413
226,7,gpu,10,256,pytorch,CIFAR10,resnet152,195.576,46.679,6869.0,74.179,35.429,0.417,0.418,0.417,0.412
227,7,gpu,10,256,pytorch,CIFAR10,resnet50,174.14,42.25,6107.0,64.0,35.167,0.453,0.45,0.449,0.444
228,7,gpu,10,256,pytorch,CIFAR100,resnet101,195.96,45.85,6539.0,73.95,37.05,0.13,0.126,0.129,0.114
229,7,gpu,10,256,pytorch,CIFAR100,resnet152,186.957,46.929,6871.0,76.071,36.107,0.129,0.128,0.132,0.114
230,7,gpu,10,256,pytorch,CIFAR100,resnet50,178.797,42.25,6109.0,65.333,36.0,0.166,0.158,0.163,0.151
231,7,gpu,10,256,pytorch,SVHN,resnet101,192.755,46.521,7829.0,76.629,37.531,0.684,0.666,0.695,0.672
232,7,gpu,10,256,pytorch,SVHN,resnet152,202.557,47.925,8163.0,79.225,36.875,0.581,0.556,0.592,0.564
233,7,gpu,10,256,pytorch,SVHN,resnet50,176.0,42.292,7401.0,65.604,36.312,0.688,0.67,0.695,0.674
234,7,gpu,10,32,pytorch,CIFAR10,resnet101,85.281,32.516,5413.0,40.078,7.972,0.491,0.448,0.447,0.446
235,7,gpu,10,32,pytorch,CIFAR10,resnet152,74.763,31.094,5687.0,38.314,6.088,0.478,0.432,0.432,0.422
236,7,gpu,10,32,pytorch,CIFAR10,resnet50,87.476,32.327,5281.0,39.168,10.354,0.526,0.491,0.491,0.491
237,7,gpu,10,32,pytorch,CIFAR100,resnet101,81.458,32.054,5419.0,37.161,7.152,0.231,0.176,0.177,0.169
238,7,gpu,10,32,pytorch,CIFAR100,resnet152,93.931,33.254,5689.0,39.592,6.944,0.212,0.154,0.155,0.142
239,7,gpu,10,32,pytorch,CIFAR100,resnet50,91.034,32.432,5287.0,37.382,10.289,0.244,0.201,0.202,0.194
240,7,gpu,10,32,pytorch,SVHN,resnet101,98.871,33.951,6937.0,40.59,8.671,0.8,0.778,0.795,0.784
241,7,gpu,10,32,pytorch,SVHN,resnet152,85.567,32.032,7125.0,39.501,6.665,0.756,0.724,0.752,0.734
242,7,gpu,10,32,pytorch,SVHN,resnet50,83.828,32.376,6721.0,37.234,10.171,0.828,0.816,0.827,0.818
243,7,gpu,10,64,pytorch,CIFAR10,resnet101,131.723,38.365,5597.0,53.423,19.135,0.482,0.47,0.47,0.468
244,7,gpu,10,64,pytorch,CIFAR10,resnet152,117.707,36.906,5725.0,46.206,15.308,0.458,0.449,0.449,0.446
245,7,gpu,10,64,pytorch,CIFAR10,resnet50,122.587,36.71,5437.0,50.212,20.044,0.5,0.48,0.479,0.479
246,7,gpu,10,64,pytorch,CIFAR100,resnet101,130.394,38.213,5599.0,52.415,18.557,0.2,0.173,0.175,0.162
247,7,gpu,10,64,pytorch,CIFAR100,resnet152,126.178,37.647,5727.0,50.565,16.569,0.184,0.157,0.158,0.145
248,7,gpu,10,64,pytorch,CIFAR100,resnet50,118.375,36.222,5441.0,40.816,17.017,0.22,0.183,0.184,0.176
249,7,gpu,10,64,pytorch,SVHN,resnet101,132.067,38.039,7035.0,50.945,18.277,0.785,0.764,0.783,0.77
250,7,gpu,10,64,pytorch,SVHN,resnet152,130.803,38.127,7163.0,53.357,17.396,0.739,0.704,0.73,0.714
251,7,gpu,10,64,pytorch,SVHN,resnet50,119.952,36.124,6875.0,46.306,18.908,0.807,0.799,0.813,0.8
252,8,gpu,10,128,pytorch,CIFAR10,resnet101,164.53,42.048,5687.0,64.057,25.95,0.452,0.444,0.444,0.44
253,8,gpu,10,128,pytorch,CIFAR10,resnet152,161.528,42.646,5955.0,64.559,24.174,0.444,0.432,0.43,0.426
254,8,gpu,10,128,pytorch,CIFAR10,resnet50,156.504,39.688,5405.0,58.5,26.5,0.475,0.477,0.476,0.471
255,8,gpu,10,128,pytorch,CIFAR100,resnet101,170.172,42.7,5691.0,63.057,26.21,0.182,0.166,0.169,0.161
256,8,gpu,10,128,pytorch,CIFAR100,resnet152,166.776,42.786,5929.0,63.405,25.19,0.16,0.15,0.154,0.142
257,8,gpu,10,128,pytorch,CIFAR100,resnet50,152.388,39.333,5407.0,52.333,23.667,0.192,0.18,0.183,0.174
258,8,gpu,10,128,pytorch,SVHN,resnet101,169.502,43.049,7439.0,65.82,27.346,0.722,0.708,0.734,0.711
259,8,gpu,10,128,pytorch,SVHN,resnet152,167.647,43.414,7249.0,68.003,26.317,0.722,0.688,0.717,0.696
260,8,gpu,10,128,pytorch,SVHN,resnet50,151.61,39.875,7157.0,56.708,25.458,0.762,0.74,0.758,0.744
261,8,gpu,10,256,pytorch,CIFAR10,resnet101,192.531,45.55,6535.0,72.4,33.1,0.431,0.428,0.428,0.422
262,8,gpu,10,256,pytorch,CIFAR10,resnet152,196.443,47.154,6869.0,81.423,35.898,0.424,0.426,0.425,0.42
263,8,gpu,10,256,pytorch,CIFAR10,resnet50,169.283,42.75,6107.0,62.5,34.333,0.446,0.448,0.447,0.441
264,8,gpu,10,256,pytorch,CIFAR100,resnet101,190.985,46.1,6539.0,73.9,35.409,0.143,0.134,0.139,0.125
265,8,gpu,10,256,pytorch,CIFAR100,resnet152,200.726,46.971,6871.0,76.412,35.738,0.134,0.134,0.137,0.12
266,8,gpu,10,256,pytorch,CIFAR100,resnet50,163.916,41.983,6109.0,59.75,31.6,0.16,0.16,0.163,0.151
267,8,gpu,10,256,pytorch,SVHN,resnet101,195.722,46.9,7829.0,79.367,38.367,0.693,0.682,0.707,0.684
268,8,gpu,10,256,pytorch,SVHN,resnet152,201.779,47.9,8163.0,79.561,37.545,0.618,0.592,0.627,0.599
269,8,gpu,10,256,pytorch,SVHN,resnet50,171.573,42.5,7401.0,65.889,36.5,0.712,0.703,0.724,0.704
270,8,gpu,10,32,pytorch,CIFAR10,resnet101,84.463,32.411,5413.0,39.744,7.844,0.501,0.464,0.464,0.465
271,8,gpu,10,32,pytorch,CIFAR10,resnet152,74.498,30.976,5687.0,38.634,6.049,0.479,0.438,0.438,0.428
272,8,gpu,10,32,pytorch,CIFAR10,resnet50,88.363,32.498,5281.0,39.321,10.635,0.528,0.504,0.503,0.501
273,8,gpu,10,32,pytorch,CIFAR100,resnet101,76.205,31.074,5419.0,38.621,7.316,0.234,0.183,0.183,0.177
274,8,gpu,10,32,pytorch,CIFAR100,resnet152,92.622,33.007,5689.0,40.075,6.932,0.224,0.154,0.154,0.146
275,8,gpu,10,32,pytorch,CIFAR100,resnet50,87.21,32.448,5287.0,37.69,10.219,0.235,0.196,0.198,0.191
276,8,gpu,10,32,pytorch,SVHN,resnet101,93.557,33.343,6937.0,39.523,8.293,0.802,0.785,0.801,0.79
277,8,gpu,10,32,pytorch,SVHN,resnet152,92.909,32.875,7125.0,40.379,7.085,0.769,0.738,0.761,0.748
278,8,gpu,10,32,pytorch,SVHN,resnet50,92.425,32.757,6721.0,37.808,10.491,0.836,0.828,0.837,0.829
279,8,gpu,10,64,pytorch,CIFAR10,resnet101,134.81,38.365,5597.0,52.769,18.923,0.475,0.466,0.466,0.464
280,8,gpu,10,64,pytorch,CIFAR10,resnet152,126.901,37.071,5725.0,48.238,15.702,0.462,0.44,0.441,0.438
281,8,gpu,10,64,pytorch,CIFAR10,resnet50,118.599,36.998,5437.0,49.245,20.512,0.503,0.491,0.49,0.49
282,8,gpu,10,64,pytorch,CIFAR100,resnet101,134.471,38.318,5599.0,51.522,18.551,0.204,0.182,0.184,0.173
283,8,gpu,10,64,pytorch,CIFAR100,resnet152,126.616,37.5,5727.0,48.809,16.141,0.188,0.159,0.16,0.15
284,8,gpu,10,64,pytorch,CIFAR100,resnet50,124.484,36.312,5441.0,44.48,18.594,0.222,0.188,0.189,0.184
285,8,gpu,10,64,pytorch,SVHN,resnet101,134.909,38.32,7035.0,54.143,19.251,0.786,0.77,0.787,0.774
286,8,gpu,10,64,pytorch,SVHN,resnet152,126.998,38.003,7163.0,52.525,17.003,0.752,0.717,0.741,0.728
287,8,gpu,10,64,pytorch,SVHN,resnet50,119.305,36.211,6875.0,44.273,18.495,0.804,0.788,0.804,0.79
288,9,gpu,10,128,pytorch,CIFAR10,resnet101,163.162,42.063,5687.0,63.576,25.334,0.461,0.455,0.454,0.452
289,9,gpu,10,128,pytorch,CIFAR10,resnet152,167.724,42.61,5955.0,62.901,24.085,0.435,0.423,0.421,0.42
290,9,gpu,10,128,pytorch,CIFAR10,resnet50,148.621,39.618,5405.0,54.785,24.674,0.484,0.478,0.477,0.477
291,9,gpu,10,128,pytorch,CIFAR100,resnet101,164.466,42.655,5691.0,65.064,26.893,0.182,0.168,0.172,0.164
292,9,gpu,10,128,pytorch,CIFAR100,resnet152,163.978,42.595,5929.0,62.406,24.7,0.166,0.153,0.158,0.147
293,9,gpu,10,128,pytorch,CIFAR100,resnet50,142.265,39.611,5407.0,56.528,25.618,0.195,0.182,0.184,0.178
294,9,gpu,10,128,pytorch,SVHN,resnet101,170.323,43.119,7439.0,69.31,27.738,0.734,0.718,0.745,0.723
295,9,gpu,10,128,pytorch,SVHN,resnet152,168.921,43.706,7249.0,67.958,26.811,0.724,0.699,0.724,0.705
296,9,gpu,10,128,pytorch,SVHN,resnet50,138.412,39.823,7157.0,59.096,25.828,0.783,0.774,0.793,0.776
297,9,gpu,10,256,pytorch,CIFAR10,resnet101,192.994,45.636,6535.0,68.364,34.364,0.436,0.436,0.436,0.431
298,9,gpu,10,256,pytorch,CIFAR10,resnet152,199.211,46.9,6869.0,78.762,35.033,0.436,0.432,0.432,0.427
299,9,gpu,10,256,pytorch,CIFAR10,resnet50,159.512,42.583,6107.0,63.833,35.0,0.456,0.454,0.454,0.447
300,9,gpu,10,256,pytorch,CIFAR100,resnet101,197.119,46.311,6539.0,72.261,36.028,0.143,0.14,0.143,0.13
301,9,gpu,10,256,pytorch,CIFAR100,resnet152,202.225,47.107,6871.0,74.857,35.75,0.147,0.142,0.145,0.129
302,9,gpu,10,256,pytorch,CIFAR100,resnet50,159.545,42.238,6109.0,62.274,34.202,0.166,0.164,0.167,0.156
303,9,gpu,10,256,pytorch,SVHN,resnet101,203.862,46.624,7829.0,75.576,37.098,0.706,0.692,0.718,0.696
304,9,gpu,10,256,pytorch,SVHN,resnet152,199.193,47.842,8163.0,78.454,37.249,0.63,0.605,0.636,0.611
305,9,gpu,10,256,pytorch,SVHN,resnet50,175.718,42.944,7401.0,66.056,35.889,0.722,0.716,0.734,0.716
306,9,gpu,10,32,pytorch,CIFAR10,resnet101,84.751,32.401,5413.0,39.666,7.975,0.506,0.474,0.473,0.475
307,9,gpu,10,32,pytorch,CIFAR10,resnet152,74.305,31.0,5687.0,38.492,6.252,0.47,0.44,0.44,0.43
308,9,gpu,10,32,pytorch,CIFAR10,resnet50,86.996,32.3,5281.0,36.98,9.97,0.526,0.504,0.504,0.502
309,9,gpu,10,32,pytorch,CIFAR100,resnet101,76.245,31.107,5419.0,38.18,7.242,0.235,0.187,0.187,0.182
310,9,gpu,10,32,pytorch,CIFAR100,resnet152,88.371,32.622,5689.0,39.023,6.72,0.222,0.161,0.162,0.152
311,9,gpu,10,32,pytorch,CIFAR100,resnet50,87.628,32.397,5287.0,38.154,10.335,0.229,0.198,0.199,0.196
312,9,gpu,10,32,pytorch,SVHN,resnet101,96.447,33.61,6937.0,40.39,8.667,0.808,0.792,0.807,0.797
313,9,gpu,10,32,pytorch,SVHN,resnet152,90.756,32.844,7125.0,39.053,6.685,0.768,0.738,0.763,0.747
314,9,gpu,10,32,pytorch,SVHN,resnet50,97.226,33.294,6721.0,39.477,11.168,0.843,0.832,0.845,0.836
315,9,gpu,10,64,pytorch,CIFAR10,resnet101,133.317,38.352,5597.0,52.759,18.37,0.484,0.468,0.468,0.464
316,9,gpu,10,64,pytorch,CIFAR10,resnet152,121.58,36.94,5725.0,46.76,15.506,0.468,0.455,0.455,0.452
317,9,gpu,10,64,pytorch,CIFAR10,resnet50,123.486,37.067,5437.0,50.987,20.688,0.502,0.484,0.484,0.484
318,9,gpu,10,64,pytorch,CIFAR100,resnet101,135.792,38.615,5599.0,54.115,19.135,0.212,0.184,0.186,0.178
319,9,gpu,10,64,pytorch,CIFAR100,resnet152,124.588,37.51,5727.0,48.736,16.143,0.195,0.16,0.161,0.154
320,9,gpu,10,64,pytorch,CIFAR100,resnet50,108.911,35.643,5441.0,40.691,16.432,0.22,0.19,0.191,0.182
321,9,gpu,10,64,pytorch,SVHN,resnet101,136.541,38.568,7035.0,54.959,19.189,0.787,0.774,0.79,0.777
322,9,gpu,10,64,pytorch,SVHN,resnet152,132.595,38.123,7163.0,53.098,17.122,0.752,0.715,0.742,0.726
323,9,gpu,10,64,pytorch,SVHN,resnet50,115.855,35.979,6875.0,43.843,18.275,0.814,0.81,0.822,0.81
324,10,gpu,10,128,pytorch,CIFAR10,resnet101,153.749,41.956,5687.0,59.271,24.654,0.46,0.453,0.452,0.452
325,10,gpu,10,128,pytorch,CIFAR10,resnet152,169.277,42.795,5955.0,65.511,24.966,0.444,0.43,0.429,0.429
326,10,gpu,10,128,pytorch,CIFAR10,resnet50,145.55,39.661,5405.0,56.461,24.55,0.482,0.478,0.478,0.477
327,10,gpu,10,128,pytorch,CIFAR100,resnet101,162.832,42.795,5691.0,67.671,27.219,0.187,0.171,0.175,0.166
328,10,gpu,10,128,pytorch,CIFAR100,resnet152,171.224,43.119,5929.0,65.762,25.095,0.165,0.155,0.159,0.148
329,10,gpu,10,128,pytorch,CIFAR100,resnet50,157.139,39.833,5407.0,56.389,25.5,0.192,0.18,0.183,0.178
330,10,gpu,10,128,pytorch,SVHN,resnet101,170.792,43.152,7439.0,66.883,27.152,0.742,0.727,0.75,0.73
331,10,gpu,10,128,pytorch,SVHN,resnet152,174.264,43.879,7249.0,70.31,27.103,0.734,0.706,0.733,0.714
332,10,gpu,10,128,pytorch,SVHN,resnet50,129.866,38.722,7157.0,46.889,21.167,0.78,0.766,0.787,0.77
333,10,gpu,10,256,pytorch,CIFAR10,resnet101,191.097,45.823,6535.0,72.55,36.255,0.426,0.427,0.427,0.422
334,10,gpu,10,256,pytorch,CIFAR10,resnet152,204.701,47.055,6869.0,77.693,36.088,0.434,0.432,0.433,0.428
335,10,gpu,10,256,pytorch,CIFAR10,resnet50,172.675,42.833,6107.0,69.75,36.667,0.455,0.456,0.455,0.449
336,10,gpu,10,256,pytorch,CIFAR100,resnet101,184.937,46.2,6539.0,72.05,36.1,0.14,0.14,0.144,0.132
337,10,gpu,10,256,pytorch,CIFAR100,resnet152,192.861,47.083,6871.0,79.121,35.717,0.144,0.142,0.145,0.131
338,10,gpu,10,256,pytorch,CIFAR100,resnet50,178.893,42.595,6109.0,61.738,33.726,0.173,0.166,0.169,0.162
339,10,gpu,10,256,pytorch,SVHN,resnet101,189.224,46.633,7829.0,72.833,36.167,0.714,0.707,0.73,0.708
340,10,gpu,10,256,pytorch,SVHN,resnet152,199.699,47.9,8163.0,77.075,36.725,0.652,0.632,0.661,0.638
341,10,gpu,10,256,pytorch,SVHN,resnet50,179.612,43.174,7401.0,64.104,34.986,0.711,0.698,0.716,0.7
342,10,gpu,10,32,pytorch,CIFAR10,resnet101,83.442,32.371,5413.0,38.914,7.679,0.508,0.475,0.474,0.476
343,10,gpu,10,32,pytorch,CIFAR10,resnet152,72.695,30.821,5687.0,38.587,6.043,0.476,0.45,0.45,0.444
344,10,gpu,10,32,pytorch,CIFAR10,resnet50,86.229,32.309,5281.0,37.865,10.318,0.538,0.504,0.503,0.503
345,10,gpu,10,32,pytorch,CIFAR100,resnet101,85.409,31.71,5419.0,38.716,7.731,0.242,0.188,0.189,0.186
346,10,gpu,10,32,pytorch,CIFAR100,resnet152,87.676,32.483,5689.0,39.12,6.666,0.215,0.156,0.156,0.15
347,10,gpu,10,32,pytorch,CIFAR100,resnet50,87.797,32.235,5287.0,36.717,9.856,0.234,0.202,0.203,0.198
348,10,gpu,10,32,pytorch,SVHN,resnet101,98.458,34.0,6937.0,40.465,8.722,0.814,0.795,0.81,0.801
349,10,gpu,10,32,pytorch,SVHN,resnet152,86.629,32.334,7125.0,38.698,6.638,0.774,0.742,0.766,0.75
350,10,gpu,10,32,pytorch,SVHN,resnet50,82.03,31.983,6721.0,35.679,9.392,0.834,0.834,0.84,0.832
351,10,gpu,10,64,pytorch,CIFAR10,resnet101,129.882,38.383,5597.0,52.655,18.761,0.49,0.474,0.474,0.473
352,10,gpu,10,64,pytorch,CIFAR10,resnet152,121.595,36.942,5725.0,45.965,15.291,0.462,0.449,0.449,0.446
353,10,gpu,10,64,pytorch,CIFAR10,resnet50,120.911,36.893,5437.0,49.372,20.214,0.513,0.5,0.5,0.499
354,10,gpu,10,64,pytorch,CIFAR100,resnet101,131.388,38.437,5599.0,54.671,19.145,0.21,0.178,0.18,0.174
355,10,gpu,10,64,pytorch,CIFAR100,resnet152,130.814,37.539,5727.0,49.927,16.316,0.206,0.17,0.171,0.164
356,10,gpu,10,64,pytorch,CIFAR100,resnet50,119.712,36.006,5441.0,44.433,17.967,0.219,0.19,0.191,0.188
357,10,gpu,10,64,pytorch,SVHN,resnet101,126.223,38.566,7035.0,54.171,19.276,0.796,0.778,0.798,0.784
358,10,gpu,10,64,pytorch,SVHN,resnet152,129.067,37.936,7163.0,52.255,17.082,0.752,0.729,0.752,0.736
359,10,gpu,10,64,pytorch,SVHN,resnet50,115.811,35.918,6875.0,43.373,17.972,0.822,0.815,0.829,0.815
360,1,gpu,10,128,tensorflow,CIFAR10,resnet101,97.865,33.426,30459.502,37.709,2.601,0.339,0.34,0.34,0.331
361,1,gpu,10,128,tensorflow,CIFAR10,resnet152,99.7,36.78,32696.205,42.21,2.694,0.326,0.326,0.326,0.308
362,1,gpu,10,128,tensorflow,CIFAR10,resnet50,78.51,33.25,26751.458,30.237,2.367,0.36,0.355,0.354,0.343
363,1,gpu,10,128,tensorflow,CIFAR100,resnet101,100.788,37.873,31048.843,40.059,2.725,0.052,0.066,0.068,0.048
364,1,gpu,10,128,tensorflow,CIFAR100,resnet152,103.704,34.841,32729.033,42.405,2.748,0.048,0.062,0.062,0.036
365,1,gpu,10,128,tensorflow,CIFAR100,resnet50,82.306,34.518,26579.958,32.052,2.686,0.092,0.086,0.088,0.071
366,1,gpu,10,128,tensorflow,SVHN,resnet101,107.235,36.261,31998.737,45.79,3.166,0.258,0.252,0.307,0.232
367,1,gpu,10,128,tensorflow,SVHN,resnet152,113.634,37.616,33706.003,48.352,3.246,0.11,0.136,0.207,0.098
368,1,gpu,10,128,tensorflow,SVHN,resnet50,88.565,33.714,27457.954,38.14,2.985,0.359,0.341,0.392,0.333
369,1,gpu,10,256,tensorflow,CIFAR10,resnet101,78.937,33.306,30035.252,29.098,3.176,0.312,0.31,0.31,0.3
370,1,gpu,10,256,tensorflow,CIFAR10,resnet152,82.753,34.833,31777.14,30.175,3.0,0.296,0.293,0.293,0.285
371,1,gpu,10,256,tensorflow,CIFAR10,resnet50,73.213,33.375,24831.75,25.339,2.964,0.314,0.314,0.314,0.31
372,1,gpu,10,256,tensorflow,CIFAR100,resnet101,78.54,35.739,29694.042,27.242,2.838,0.057,0.064,0.064,0.046
373,1,gpu,10,256,tensorflow,CIFAR100,resnet152,79.148,32.687,31961.018,29.167,2.934,0.048,0.058,0.06,0.039
374,1,gpu,10,256,tensorflow,CIFAR100,resnet50,72.427,34.487,26002.302,25.225,2.965,0.064,0.068,0.066,0.054
375,1,gpu,10,256,tensorflow,SVHN,resnet101,87.783,34.196,29900.302,33.272,3.513,0.227,0.19,0.25,0.173
376,1,gpu,10,256,tensorflow,SVHN,resnet152,91.375,34.288,32268.687,35.939,3.621,0.199,0.17,0.234,0.14
377,1,gpu,10,256,tensorflow,SVHN,resnet50,79.341,33.833,25796.758,30.955,3.636,0.3,0.282,0.334,0.277
378,1,gpu,10,32,tensorflow,CIFAR10,resnet101,97.213,34.454,33913.447,55.342,3.061,0.355,0.346,0.346,0.336
379,1,gpu,10,32,tensorflow,CIFAR10,resnet152,100.457,34.964,35246.495,57.518,2.631,0.216,0.236,0.235,0.193
380,1,gpu,10,32,tensorflow,CIFAR10,resnet50,86.472,33.018,30754.803,44.6,2.999,0.399,0.387,0.386,0.374
381,1,gpu,10,32,tensorflow,CIFAR100,resnet101,98.132,34.76,33934.998,55.481,3.018,0.04,0.065,0.067,0.038
382,1,gpu,10,32,tensorflow,CIFAR100,resnet152,96.532,34.15,35363.764,55.556,2.606,0.008,0.031,0.03,0.008
383,1,gpu,10,32,tensorflow,CIFAR100,resnet50,87.847,32.601,30360.53,45.262,3.208,0.092,0.098,0.1,0.073
384,1,gpu,10,32,tensorflow,SVHN,resnet101,102.864,36.291,34607.899,60.615,3.193,0.104,0.127,0.187,0.085
385,1,gpu,10,32,tensorflow,SVHN,resnet152,105.336,35.558,35862.425,63.312,2.935,0.041,0.1,0.184,0.036
386,1,gpu,10,32,tensorflow,SVHN,resnet50,73.043,30.5,22871.104,34.055,2.326,0.584,0.542,0.587,0.546
387,1,gpu,10,64,tensorflow,CIFAR10,resnet101,91.152,35.585,31471.983,44.373,3.017,0.344,0.336,0.335,0.324
388,1,gpu,10,64,tensorflow,CIFAR10,resnet152,96.166,34.076,33760.253,47.582,2.842,0.302,0.312,0.312,0.29
389,1,gpu,10,64,tensorflow,CIFAR10,resnet50,80.778,33.363,28378.756,38.144,2.999,0.387,0.38,0.379,0.372
390,1,gpu,10,64,tensorflow,CIFAR100,resnet101,92.591,33.776,32055.527,44.516,3.018,0.052,0.062,0.062,0.036
391,1,gpu,10,64,tensorflow,CIFAR100,resnet152,95.292,33.468,33760.443,47.753,2.829,0.03,0.045,0.046,0.022
392,1,gpu,10,64,tensorflow,CIFAR100,resnet50,81.193,32.03,27873.759,37.842,3.041,0.092,0.094,0.095,0.074
393,1,gpu,10,64,tensorflow,SVHN,resnet101,99.084,33.439,32466.946,51.047,3.446,0.25,0.196,0.26,0.162
394,1,gpu,10,64,tensorflow,SVHN,resnet152,105.325,35.679,34291.666,54.794,3.244,0.073,0.12,0.192,0.071
395,1,gpu,10,64,tensorflow,SVHN,resnet50,86.596,33.594,29890.292,41.083,3.26,0.477,0.446,0.493,0.443
396,2,gpu,10,128,tensorflow,CIFAR10,resnet101,166.027,40.299,38907.0,84.316,5.792,0.397,0.392,0.392,0.384
397,2,gpu,10,128,tensorflow,CIFAR10,resnet152,183.81,45.891,38907.0,89.797,5.781,0.367,0.368,0.368,0.356
398,2,gpu,10,128,tensorflow,CIFAR10,resnet50,154.948,38.652,38907.0,84.894,7.22,0.412,0.413,0.413,0.408
399,2,gpu,10,128,tensorflow,CIFAR100,resnet101,180.294,45.341,38907.0,90.023,6.068,0.09,0.094,0.096,0.074
400,2,gpu,10,128,tensorflow,CIFAR100,resnet152,181.374,42.837,38907.0,90.194,5.966,0.076,0.083,0.083,0.06
401,2,gpu,10,128,tensorflow,CIFAR100,resnet50,162.585,40.455,38907.0,85.591,7.0,0.118,0.122,0.124,0.106
402,2,gpu,10,128,tensorflow,SVHN,resnet101,174.695,43.362,38907.0,86.686,6.046,0.516,0.476,0.524,0.478
403,2,gpu,10,128,tensorflow,SVHN,resnet152,173.753,45.117,38907.0,86.225,5.681,0.306,0.282,0.34,0.258
404,2,gpu,10,128,tensorflow,SVHN,resnet50,155.712,39.478,38907.0,86.993,6.82,0.614,0.575,0.619,0.585
405,2,gpu,10,256,tensorflow,CIFAR10,resnet101,157.659,39.395,38907.0,81.524,9.112,0.369,0.365,0.365,0.36
406,2,gpu,10,256,tensorflow,CIFAR10,resnet152,161.067,41.017,38907.0,80.937,7.886,0.35,0.344,0.343,0.338
407,2,gpu,10,256,tensorflow,CIFAR10,resnet50,169.712,39.232,38907.0,83.75,10.714,0.369,0.37,0.371,0.364
408,2,gpu,10,256,tensorflow,CIFAR100,resnet101,162.783,41.786,38907.0,80.105,8.698,0.076,0.085,0.086,0.068
409,2,gpu,10,256,tensorflow,CIFAR100,resnet152,147.336,38.387,38907.0,72.792,7.586,0.068,0.084,0.085,0.063
410,2,gpu,10,256,tensorflow,CIFAR100,resnet50,169.959,39.982,38907.0,83.991,11.161,0.09,0.09,0.092,0.076
411,2,gpu,10,256,tensorflow,SVHN,resnet101,162.438,40.436,38907.0,80.53,8.784,0.4,0.364,0.42,0.358
412,2,gpu,10,256,tensorflow,SVHN,resnet152,161.674,40.608,38907.0,79.326,8.214,0.328,0.296,0.355,0.282
413,2,gpu,10,256,tensorflow,SVHN,resnet50,171.197,39.773,38907.0,86.136,10.636,0.523,0.495,0.542,0.5
414,2,gpu,10,32,tensorflow,CIFAR10,resnet101,130.618,38.066,38907.0,83.906,4.67,0.384,0.378,0.378,0.372
415,2,gpu,10,32,tensorflow,CIFAR10,resnet152,130.863,38.449,38907.0,84.532,4.001,0.332,0.315,0.316,0.284
416,2,gpu,10,32,tensorflow,CIFAR10,resnet50,127.425,36.732,38907.0,77.93,5.392,0.414,0.408,0.408,0.401
417,2,gpu,10,32,tensorflow,CIFAR100,resnet101,133.381,38.481,38907.0,84.413,4.529,0.096,0.1,0.103,0.072
418,2,gpu,10,32,tensorflow,CIFAR100,resnet152,126.366,37.254,38907.0,82.879,3.897,0.024,0.049,0.05,0.023
419,2,gpu,10,32,tensorflow,CIFAR100,resnet50,127.04,35.933,38907.0,78.571,5.526,0.146,0.137,0.137,0.115
420,2,gpu,10,32,tensorflow,SVHN,resnet101,129.783,39.549,38907.0,83.195,4.532,0.274,0.278,0.338,0.257
421,2,gpu,10,32,tensorflow,SVHN,resnet152,130.807,37.919,38907.0,84.577,3.928,0.046,0.112,0.193,0.048
422,2,gpu,10,32,tensorflow,SVHN,resnet50,123.191,36.674,38907.0,78.651,5.465,0.728,0.717,0.737,0.716
423,2,gpu,10,64,tensorflow,CIFAR10,resnet101,146.161,40.759,38907.0,86.076,5.934,0.397,0.384,0.385,0.376
424,2,gpu,10,64,tensorflow,CIFAR10,resnet152,145.001,39.535,38907.0,87.267,5.047,0.358,0.358,0.358,0.342
425,2,gpu,10,64,tensorflow,CIFAR10,resnet50,139.248,37.875,38907.0,81.5,6.938,0.434,0.428,0.428,0.421
426,2,gpu,10,64,tensorflow,CIFAR100,resnet101,146.664,39.05,38907.0,86.683,5.917,0.072,0.085,0.088,0.066
427,2,gpu,10,64,tensorflow,CIFAR100,resnet152,140.69,38.932,38907.0,86.83,5.045,0.05,0.071,0.073,0.044
428,2,gpu,10,64,tensorflow,CIFAR100,resnet50,135.811,36.531,38907.0,81.094,6.594,0.132,0.129,0.132,0.11
429,2,gpu,10,64,tensorflow,SVHN,resnet101,143.987,38.33,38907.0,86.886,5.795,0.561,0.512,0.561,0.522
430,2,gpu,10,64,tensorflow,SVHN,resnet152,145.786,40.722,38907.0,86.873,5.23,0.188,0.173,0.264,0.122
431,2,gpu,10,64,tensorflow,SVHN,resnet50,129.109,37.799,38907.0,74.475,6.095,0.692,0.669,0.699,0.676
432,3,gpu,10,128,tensorflow,CIFAR10,resnet101,170.01,42.008,38907.0,85.511,5.83,0.428,0.413,0.412,0.41
433,3,gpu,10,128,tensorflow,CIFAR10,resnet152,176.937,48.375,38907.0,90.203,5.75,0.398,0.398,0.398,0.392
434,3,gpu,10,128,tensorflow,CIFAR10,resnet50,154.396,39.701,38907.0,86.068,6.614,0.434,0.433,0.432,0.429
435,3,gpu,10,128,tensorflow,CIFAR100,resnet101,182.132,47.019,38907.0,89.579,5.929,0.108,0.113,0.115,0.095
436,3,gpu,10,128,tensorflow,CIFAR100,resnet152,179.162,44.637,38907.0,89.995,5.709,0.091,0.106,0.109,0.086
437,3,gpu,10,128,tensorflow,CIFAR100,resnet50,166.246,42.117,38907.0,89.038,6.614,0.138,0.134,0.136,0.122
438,3,gpu,10,128,tensorflow,SVHN,resnet101,173.34,44.561,38907.0,86.152,5.928,0.632,0.595,0.633,0.606
439,3,gpu,10,128,tensorflow,SVHN,resnet152,177.782,46.437,38907.0,85.599,5.707,0.508,0.448,0.506,0.458
440,3,gpu,10,128,tensorflow,SVHN,resnet50,155.577,40.765,38907.0,85.333,6.642,0.694,0.675,0.702,0.68
441,3,gpu,10,256,tensorflow,CIFAR10,resnet101,160.929,41.0,38907.0,81.893,8.857,0.399,0.391,0.39,0.386
442,3,gpu,10,256,tensorflow,CIFAR10,resnet152,164.454,42.619,38907.0,80.601,8.15,0.376,0.377,0.377,0.373
443,3,gpu,10,256,tensorflow,CIFAR10,resnet50,166.875,40.357,38907.0,88.571,10.286,0.4,0.394,0.394,0.394
444,3,gpu,10,256,tensorflow,CIFAR100,resnet101,167.167,43.071,38907.0,80.893,9.179,0.092,0.1,0.103,0.085
445,3,gpu,10,256,tensorflow,CIFAR100,resnet152,150.406,39.84,38907.0,75.002,7.715,0.088,0.096,0.098,0.08
446,3,gpu,10,256,tensorflow,CIFAR100,resnet50,161.948,40.625,38907.0,86.25,10.0,0.116,0.109,0.11,0.099
447,3,gpu,10,256,tensorflow,SVHN,resnet101,163.395,41.976,38907.0,79.976,8.69,0.544,0.498,0.544,0.51
448,3,gpu,10,256,tensorflow,SVHN,resnet152,163.922,41.967,38907.0,80.431,8.033,0.443,0.409,0.465,0.408
449,3,gpu,10,256,tensorflow,SVHN,resnet50,172.634,41.35,38907.0,86.9,10.65,0.621,0.595,0.634,0.603
450,3,gpu,10,32,tensorflow,CIFAR10,resnet101,129.722,39.462,38907.0,83.798,4.663,0.416,0.41,0.41,0.39
451,3,gpu,10,32,tensorflow,CIFAR10,resnet152,131.371,39.151,38907.0,84.131,3.881,0.368,0.368,0.367,0.353
452,3,gpu,10,32,tensorflow,CIFAR10,resnet50,126.139,37.521,38907.0,78.059,5.378,0.45,0.436,0.437,0.434
453,3,gpu,10,32,tensorflow,CIFAR100,resnet101,131.831,38.914,38907.0,83.533,4.452,0.12,0.116,0.119,0.098
454,3,gpu,10,32,tensorflow,CIFAR100,resnet152,126.22,37.363,38907.0,83.135,3.889,0.052,0.078,0.078,0.052
455,3,gpu,10,32,tensorflow,CIFAR100,resnet50,124.858,36.696,38907.0,78.839,5.607,0.193,0.17,0.172,0.154
456,3,gpu,10,32,tensorflow,SVHN,resnet101,129.682,39.929,38907.0,83.32,4.446,0.382,0.376,0.424,0.359
457,3,gpu,10,32,tensorflow,SVHN,resnet152,131.689,38.986,38907.0,84.532,3.927,0.151,0.185,0.266,0.134
458,3,gpu,10,32,tensorflow,SVHN,resnet50,125.758,37.297,38907.0,79.235,5.444,0.782,0.77,0.788,0.774
459,3,gpu,10,64,tensorflow,CIFAR10,resnet101,144.439,41.733,38907.0,86.567,5.767,0.437,0.426,0.425,0.423
460,3,gpu,10,64,tensorflow,CIFAR10,resnet152,145.739,40.64,38907.0,87.267,5.081,0.4,0.394,0.394,0.384
461,3,gpu,10,64,tensorflow,CIFAR10,resnet50,135.993,38.64,38907.0,83.204,6.873,0.46,0.458,0.457,0.452
462,3,gpu,10,64,tensorflow,CIFAR100,resnet101,144.871,40.019,38907.0,86.131,5.734,0.116,0.114,0.116,0.094
463,3,gpu,10,64,tensorflow,CIFAR100,resnet152,144.943,39.942,38907.0,86.994,5.083,0.08,0.092,0.093,0.072
464,3,gpu,10,64,tensorflow,CIFAR100,resnet50,136.637,37.562,38907.0,81.969,6.562,0.166,0.148,0.15,0.134
465,3,gpu,10,64,tensorflow,SVHN,resnet101,143.725,39.158,38907.0,86.291,5.725,0.67,0.646,0.675,0.652
466,3,gpu,10,64,tensorflow,SVHN,resnet152,146.208,41.294,38907.0,87.103,5.056,0.41,0.382,0.444,0.372
467,3,gpu,10,64,tensorflow,SVHN,resnet50,126.932,38.62,38907.0,76.12,5.96,0.75,0.724,0.751,0.733
468,4,gpu,10,128,tensorflow,CIFAR10,resnet101,171.02,42.684,38907.0,84.922,5.676,0.448,0.442,0.443,0.44
469,4,gpu,10,128,tensorflow,CIFAR10,resnet152,183.532,49.303,38907.0,89.591,5.621,0.418,0.416,0.416,0.411
470,4,gpu,10,128,tensorflow,CIFAR10,resnet50,156.433,40.564,38907.0,86.246,6.78,0.454,0.459,0.459,0.452
471,4,gpu,10,128,tensorflow,CIFAR100,resnet101,186.726,48.172,38907.0,91.075,6.006,0.126,0.129,0.131,0.114
472,4,gpu,10,128,tensorflow,CIFAR100,resnet152,181.918,45.373,38907.0,90.685,5.78,0.118,0.118,0.121,0.1
473,4,gpu,10,128,tensorflow,CIFAR100,resnet50,168.283,43.03,38907.0,85.902,6.53,0.16,0.154,0.156,0.144
474,4,gpu,10,128,tensorflow,SVHN,resnet101,174.911,45.155,38907.0,86.55,5.976,0.686,0.656,0.685,0.666
475,4,gpu,10,128,tensorflow,SVHN,resnet152,175.636,46.763,38907.0,86.569,5.704,0.588,0.544,0.586,0.556
476,4,gpu,10,128,tensorflow,SVHN,resnet50,158.446,41.548,38907.0,83.544,6.675,0.736,0.723,0.743,0.727
477,4,gpu,10,256,tensorflow,CIFAR10,resnet101,162.736,41.926,38907.0,82.66,8.767,0.414,0.41,0.408,0.403
478,4,gpu,10,256,tensorflow,CIFAR10,resnet152,162.823,43.323,38907.0,79.139,8.055,0.393,0.389,0.389,0.384
479,4,gpu,10,256,tensorflow,CIFAR10,resnet50,158.357,40.946,38907.0,84.482,10.152,0.412,0.414,0.414,0.408
480,4,gpu,10,256,tensorflow,CIFAR100,resnet101,160.712,43.893,38907.0,81.357,8.929,0.115,0.118,0.118,0.104
481,4,gpu,10,256,tensorflow,CIFAR100,resnet152,145.505,40.405,38907.0,75.271,7.417,0.102,0.11,0.113,0.094
482,4,gpu,10,256,tensorflow,CIFAR100,resnet50,164.617,41.571,38907.0,84.643,10.286,0.128,0.126,0.129,0.117
483,4,gpu,10,256,tensorflow,SVHN,resnet101,164.519,42.571,38907.0,79.548,8.762,0.605,0.573,0.608,0.58
484,4,gpu,10,256,tensorflow,SVHN,resnet152,162.928,42.344,38907.0,80.377,7.953,0.502,0.486,0.526,0.485
485,4,gpu,10,256,tensorflow,SVHN,resnet50,165.839,41.955,38907.0,88.5,10.136,0.669,0.661,0.687,0.662
486,4,gpu,10,32,tensorflow,CIFAR10,resnet101,128.857,39.904,38907.0,84.673,4.702,0.378,0.361,0.36,0.35
487,4,gpu,10,32,tensorflow,CIFAR10,resnet152,131.529,39.325,38907.0,84.749,3.921,0.398,0.394,0.394,0.386
488,4,gpu,10,32,tensorflow,CIFAR10,resnet50,125.258,37.931,38907.0,78.345,5.345,0.456,0.436,0.436,0.424
489,4,gpu,10,32,tensorflow,CIFAR100,resnet101,132.322,38.933,38907.0,83.407,4.466,0.149,0.148,0.15,0.128
490,4,gpu,10,32,tensorflow,CIFAR100,resnet152,127.339,37.482,38907.0,83.745,3.928,0.087,0.104,0.108,0.08
491,4,gpu,10,32,tensorflow,CIFAR100,resnet50,125.239,36.899,38907.0,78.503,5.575,0.21,0.2,0.204,0.186
492,4,gpu,10,32,tensorflow,SVHN,resnet101,130.199,39.461,38907.0,83.328,4.432,0.589,0.543,0.582,0.542
493,4,gpu,10,32,tensorflow,SVHN,resnet152,132.467,39.597,38907.0,84.781,3.927,0.349,0.34,0.381,0.308
494,4,gpu,10,32,tensorflow,SVHN,resnet50,124.086,37.311,38907.0,79.625,5.573,0.814,0.799,0.816,0.804
495,4,gpu,10,64,tensorflow,CIFAR10,resnet101,146.4,41.967,38907.0,86.567,5.733,0.452,0.446,0.446,0.44
496,4,gpu,10,64,tensorflow,CIFAR10,resnet152,145.792,40.837,38907.0,87.198,5.0,0.414,0.41,0.41,0.402
497,4,gpu,10,64,tensorflow,CIFAR10,resnet50,138.948,39.125,38907.0,83.719,6.812,0.483,0.481,0.48,0.468
498,4,gpu,10,64,tensorflow,CIFAR100,resnet101,145.965,40.775,38907.0,86.777,5.833,0.137,0.136,0.138,0.118
499,4,gpu,10,64,tensorflow,CIFAR100,resnet152,143.694,40.244,38907.0,86.895,5.058,0.106,0.114,0.116,0.092
500,4,gpu,10,64,tensorflow,CIFAR100,resnet50,139.717,38.0,38907.0,84.719,6.781,0.183,0.17,0.172,0.158
501,4,gpu,10,64,tensorflow,SVHN,resnet101,144.917,39.466,38907.0,86.977,5.773,0.723,0.692,0.72,0.702
502,4,gpu,10,64,tensorflow,SVHN,resnet152,147.799,41.371,38907.0,87.758,5.177,0.572,0.529,0.578,0.538
503,4,gpu,10,64,tensorflow,SVHN,resnet50,128.602,38.94,38907.0,76.12,6.04,0.769,0.756,0.775,0.758
504,5,gpu,10,128,tensorflow,CIFAR10,resnet101,170.045,43.152,38907.0,84.674,5.63,0.446,0.448,0.448,0.44
505,5,gpu,10,128,tensorflow,CIFAR10,resnet152,188.352,49.516,38907.0,90.25,5.719,0.436,0.433,0.433,0.43
506,5,gpu,10,128,tensorflow,CIFAR10,resnet50,158.242,41.241,38907.0,86.177,6.864,0.461,0.454,0.454,0.453
507,5,gpu,10,128,tensorflow,CIFAR100,resnet101,184.514,48.636,38907.0,90.705,5.977,0.139,0.144,0.146,0.128
508,5,gpu,10,128,tensorflow,CIFAR100,resnet152,181.361,45.625,38907.0,90.469,5.766,0.124,0.126,0.126,0.11
509,5,gpu,10,128,tensorflow,CIFAR100,resnet50,161.864,43.727,38907.0,86.273,6.682,0.168,0.16,0.163,0.15
510,5,gpu,10,128,tensorflow,SVHN,resnet101,172.797,45.31,38907.0,85.636,5.943,0.719,0.698,0.719,0.706
511,5,gpu,10,128,tensorflow,SVHN,resnet152,177.546,47.7,38907.0,86.304,5.737,0.638,0.603,0.637,0.612
512,5,gpu,10,128,tensorflow,SVHN,resnet50,156.993,41.945,38907.0,86.903,6.761,0.757,0.744,0.761,0.746
513,5,gpu,10,256,tensorflow,CIFAR10,resnet101,164.433,42.623,38907.0,82.462,8.921,0.428,0.428,0.428,0.425
514,5,gpu,10,256,tensorflow,CIFAR10,resnet152,165.198,43.654,38907.0,80.952,8.126,0.399,0.4,0.401,0.394
515,5,gpu,10,256,tensorflow,CIFAR10,resnet50,164.663,41.643,38907.0,87.0,10.643,0.417,0.416,0.416,0.413
516,5,gpu,10,256,tensorflow,CIFAR100,resnet101,165.015,44.357,38907.0,82.857,9.0,0.122,0.126,0.128,0.112
517,5,gpu,10,256,tensorflow,CIFAR100,resnet152,149.955,40.877,38907.0,75.002,7.855,0.12,0.124,0.126,0.11
518,5,gpu,10,256,tensorflow,CIFAR100,resnet50,167.402,42.143,38907.0,79.214,10.286,0.13,0.13,0.131,0.12
519,5,gpu,10,256,tensorflow,SVHN,resnet101,166.19,43.109,38907.0,79.689,8.673,0.649,0.624,0.652,0.632
520,5,gpu,10,256,tensorflow,SVHN,resnet152,162.497,42.548,38907.0,79.489,8.083,0.571,0.539,0.579,0.544
521,5,gpu,10,256,tensorflow,SVHN,resnet50,172.799,42.818,38907.0,89.523,10.555,0.71,0.696,0.722,0.7
522,5,gpu,10,32,tensorflow,CIFAR10,resnet101,130.607,39.615,38907.0,84.519,4.721,0.418,0.408,0.407,0.4
523,5,gpu,10,32,tensorflow,CIFAR10,resnet152,131.512,39.46,38907.0,84.438,3.94,0.422,0.412,0.414,0.4
524,5,gpu,10,32,tensorflow,CIFAR10,resnet50,124.624,37.949,38907.0,78.64,5.36,0.46,0.44,0.441,0.424
525,5,gpu,10,32,tensorflow,CIFAR100,resnet101,132.285,38.952,38907.0,84.365,4.567,0.178,0.165,0.168,0.146
526,5,gpu,10,32,tensorflow,CIFAR100,resnet152,128.001,37.546,38907.0,84.444,3.921,0.124,0.122,0.125,0.102
527,5,gpu,10,32,tensorflow,CIFAR100,resnet50,126.43,36.931,38907.0,78.828,5.69,0.225,0.211,0.214,0.2
528,5,gpu,10,32,tensorflow,SVHN,resnet101,129.578,39.442,38907.0,83.536,4.465,0.656,0.62,0.655,0.625
529,5,gpu,10,32,tensorflow,SVHN,resnet152,132.549,39.454,38907.0,84.689,3.918,0.444,0.41,0.46,0.396
530,5,gpu,10,32,tensorflow,SVHN,resnet50,122.251,37.357,38907.0,79.81,5.643,0.837,0.824,0.839,0.828
531,5,gpu,10,64,tensorflow,CIFAR10,resnet101,145.959,41.916,38907.0,86.741,5.782,0.476,0.46,0.46,0.458
532,5,gpu,10,64,tensorflow,CIFAR10,resnet152,145.194,40.871,38907.0,87.333,5.142,0.432,0.433,0.432,0.426
533,5,gpu,10,64,tensorflow,CIFAR10,resnet50,137.895,39.406,38907.0,82.062,6.688,0.503,0.494,0.494,0.49
534,5,gpu,10,64,tensorflow,CIFAR100,resnet101,144.099,40.755,38907.0,85.742,5.674,0.148,0.151,0.153,0.134
535,5,gpu,10,64,tensorflow,CIFAR100,resnet152,144.458,40.35,38907.0,87.339,5.059,0.14,0.13,0.131,0.114
536,5,gpu,10,64,tensorflow,CIFAR100,resnet50,135.606,38.402,38907.0,84.585,6.875,0.194,0.181,0.182,0.171
537,5,gpu,10,64,tensorflow,SVHN,resnet101,143.406,39.827,38907.0,86.843,5.805,0.751,0.734,0.755,0.74
538,5,gpu,10,64,tensorflow,SVHN,resnet152,145.283,41.135,38907.0,87.508,5.135,0.667,0.618,0.655,0.633
539,5,gpu,10,64,tensorflow,SVHN,resnet50,129.205,39.056,38907.0,75.832,5.863,0.796,0.784,0.804,0.787
540,6,gpu,10,128,tensorflow,CIFAR10,resnet101,173.955,43.44,38907.0,85.557,5.801,0.472,0.468,0.469,0.465
541,6,gpu,10,128,tensorflow,CIFAR10,resnet152,193.94,49.468,38907.0,90.758,5.806,0.442,0.441,0.441,0.436
542,6,gpu,10,128,tensorflow,CIFAR10,resnet50,151.657,41.375,38907.0,81.625,6.417,0.468,0.462,0.462,0.46
543,6,gpu,10,128,tensorflow,CIFAR100,resnet101,186.63,48.977,38907.0,90.864,5.932,0.158,0.152,0.153,0.14
544,6,gpu,10,128,tensorflow,CIFAR100,resnet152,180.559,45.657,38907.0,88.928,5.658,0.132,0.134,0.136,0.119
545,6,gpu,10,128,tensorflow,CIFAR100,resnet50,170.616,44.273,38907.0,87.182,6.773,0.18,0.179,0.182,0.168
546,6,gpu,10,128,tensorflow,SVHN,resnet101,176.029,45.441,38907.0,86.426,5.993,0.738,0.721,0.74,0.726
547,6,gpu,10,128,tensorflow,SVHN,resnet152,176.151,48.288,38907.0,86.483,5.714,0.671,0.634,0.668,0.646
548,6,gpu,10,128,tensorflow,SVHN,resnet50,160.502,42.333,38907.0,85.689,6.664,0.772,0.758,0.777,0.762
549,6,gpu,10,256,tensorflow,CIFAR10,resnet101,166.27,42.964,38907.0,82.429,8.929,0.434,0.434,0.434,0.43
550,6,gpu,10,256,tensorflow,CIFAR10,resnet152,165.68,43.85,38907.0,81.1,8.275,0.418,0.417,0.418,0.412
551,6,gpu,10,256,tensorflow,CIFAR10,resnet50,167.249,42.277,38907.0,84.723,10.027,0.43,0.43,0.43,0.426
552,6,gpu,10,256,tensorflow,CIFAR100,resnet101,165.188,44.65,38907.0,80.943,8.624,0.14,0.138,0.139,0.126
553,6,gpu,10,256,tensorflow,CIFAR100,resnet152,150.378,41.092,38907.0,74.642,7.554,0.132,0.132,0.134,0.12
554,6,gpu,10,256,tensorflow,CIFAR100,resnet50,154.918,42.473,38907.0,83.607,10.232,0.143,0.144,0.144,0.134
555,6,gpu,10,256,tensorflow,SVHN,resnet101,168.143,43.415,38907.0,81.325,8.954,0.67,0.646,0.671,0.653
556,6,gpu,10,256,tensorflow,SVHN,resnet152,163.828,42.531,38907.0,80.25,7.969,0.609,0.574,0.609,0.584
557,6,gpu,10,256,tensorflow,SVHN,resnet50,168.479,43.205,38907.0,86.364,10.414,0.731,0.716,0.74,0.72
558,6,gpu,10,32,tensorflow,CIFAR10,resnet101,133.559,39.578,38907.0,84.392,4.722,0.427,0.411,0.411,0.395
559,6,gpu,10,32,tensorflow,CIFAR10,resnet152,131.666,39.652,38907.0,84.834,3.907,0.432,0.424,0.426,0.412
560,6,gpu,10,32,tensorflow,CIFAR10,resnet50,125.968,38.103,38907.0,77.638,5.362,0.492,0.475,0.475,0.464
561,6,gpu,10,32,tensorflow,CIFAR100,resnet101,131.124,38.933,38907.0,84.648,4.562,0.208,0.19,0.192,0.174
562,6,gpu,10,32,tensorflow,CIFAR100,resnet152,128.157,37.647,38907.0,84.613,3.92,0.141,0.137,0.141,0.12
563,6,gpu,10,32,tensorflow,CIFAR100,resnet50,125.155,36.948,38907.0,79.069,5.586,0.236,0.226,0.227,0.213
564,6,gpu,10,32,tensorflow,SVHN,resnet101,128.852,39.467,38907.0,83.664,4.425,0.72,0.692,0.722,0.7
565,6,gpu,10,32,tensorflow,SVHN,resnet152,132.763,39.838,38907.0,84.634,3.927,0.554,0.522,0.569,0.524
566,6,gpu,10,32,tensorflow,SVHN,resnet50,124.961,37.43,38907.0,79.713,5.529,0.847,0.845,0.856,0.846
567,6,gpu,10,64,tensorflow,CIFAR10,resnet101,144.946,41.833,38907.0,86.6,5.75,0.486,0.479,0.48,0.475
568,6,gpu,10,64,tensorflow,CIFAR10,resnet152,145.547,40.872,38907.0,87.453,5.081,0.453,0.445,0.445,0.44
569,6,gpu,10,64,tensorflow,CIFAR10,resnet50,136.777,39.732,38907.0,81.138,6.583,0.522,0.514,0.514,0.512
570,6,gpu,10,64,tensorflow,CIFAR100,resnet101,144.473,40.8,38907.0,86.083,5.733,0.172,0.163,0.165,0.15
571,6,gpu,10,64,tensorflow,CIFAR100,resnet152,144.009,40.488,38907.0,86.988,5.035,0.163,0.152,0.155,0.138
572,6,gpu,10,64,tensorflow,CIFAR100,resnet50,138.213,38.555,38907.0,83.643,6.643,0.207,0.196,0.198,0.188
573,6,gpu,10,64,tensorflow,SVHN,resnet101,144.661,40.14,38907.0,86.547,5.791,0.776,0.748,0.768,0.757
574,6,gpu,10,64,tensorflow,SVHN,resnet152,147.46,40.985,38907.0,87.651,5.145,0.684,0.667,0.691,0.67
575,6,gpu,10,64,tensorflow,SVHN,resnet50,128.653,39.28,38907.0,75.72,6.0,0.808,0.798,0.815,0.801
576,7,gpu,10,128,tensorflow,CIFAR10,resnet101,170.473,43.562,38907.0,85.195,5.636,0.48,0.475,0.475,0.472
577,7,gpu,10,128,tensorflow,CIFAR10,resnet152,188.623,49.266,38907.0,89.797,5.688,0.454,0.455,0.454,0.449
578,7,gpu,10,128,tensorflow,CIFAR10,resnet50,158.726,41.818,38907.0,85.682,6.727,0.475,0.474,0.475,0.472
579,7,gpu,10,128,tensorflow,CIFAR100,resnet101,184.595,48.991,38907.0,90.606,5.895,0.167,0.166,0.167,0.153
580,7,gpu,10,128,tensorflow,CIFAR100,resnet152,178.863,45.745,38907.0,89.53,5.663,0.158,0.154,0.154,0.14
581,7,gpu,10,128,tensorflow,CIFAR100,resnet50,169.689,44.591,38907.0,87.545,6.682,0.188,0.181,0.184,0.174
582,7,gpu,10,128,tensorflow,SVHN,resnet101,174.571,45.225,38907.0,85.922,5.943,0.739,0.731,0.748,0.732
583,7,gpu,10,128,tensorflow,SVHN,resnet152,178.382,47.963,38907.0,86.267,5.73,0.692,0.665,0.693,0.673
584,7,gpu,10,128,tensorflow,SVHN,resnet50,160.598,42.656,38907.0,86.562,6.719,0.78,0.768,0.785,0.773
585,7,gpu,10,256,tensorflow,CIFAR10,resnet101,166.42,43.429,38907.0,80.464,8.964,0.44,0.439,0.439,0.437
586,7,gpu,10,256,tensorflow,CIFAR10,resnet152,165.091,43.714,38907.0,79.024,7.738,0.413,0.406,0.406,0.406
587,7,gpu,10,256,tensorflow,CIFAR10,resnet50,172.639,42.643,38907.0,89.357,10.643,0.43,0.43,0.431,0.426
588,7,gpu,10,256,tensorflow,CIFAR100,resnet101,167.482,44.857,38907.0,81.071,8.929,0.144,0.146,0.147,0.136
589,7,gpu,10,256,tensorflow,CIFAR100,resnet152,149.927,41.139,38907.0,74.693,7.478,0.141,0.138,0.14,0.126
590,7,gpu,10,256,tensorflow,CIFAR100,resnet50,166.762,42.714,38907.0,86.286,10.429,0.146,0.146,0.148,0.138
591,7,gpu,10,256,tensorflow,SVHN,resnet101,166.157,43.5,38907.0,82.238,8.929,0.698,0.666,0.695,0.678
592,7,gpu,10,256,tensorflow,SVHN,resnet152,163.95,42.496,38907.0,80.119,8.075,0.639,0.604,0.64,0.613
593,7,gpu,10,256,tensorflow,SVHN,resnet50,173.512,43.527,38907.0,89.491,10.541,0.745,0.736,0.756,0.74
594,7,gpu,10,32,tensorflow,CIFAR10,resnet101,133.394,39.765,38907.0,83.712,4.688,0.442,0.44,0.44,0.436
595,7,gpu,10,32,tensorflow,CIFAR10,resnet152,131.309,39.605,38907.0,84.797,3.92,0.424,0.422,0.422,0.41
596,7,gpu,10,32,tensorflow,CIFAR10,resnet50,125.438,38.074,38907.0,78.175,5.317,0.512,0.5,0.501,0.498
597,7,gpu,10,32,tensorflow,CIFAR100,resnet101,131.206,38.971,38907.0,84.951,4.592,0.216,0.198,0.2,0.185
598,7,gpu,10,32,tensorflow,CIFAR100,resnet152,128.391,37.907,38907.0,84.285,3.907,0.168,0.156,0.158,0.139
599,7,gpu,10,32,tensorflow,CIFAR100,resnet50,128.451,36.967,38907.0,79.436,5.644,0.256,0.244,0.244,0.231
600,7,gpu,10,32,tensorflow,SVHN,resnet101,128.387,39.394,38907.0,83.88,4.449,0.753,0.74,0.76,0.744
601,7,gpu,10,32,tensorflow,SVHN,resnet152,131.381,39.954,38907.0,84.681,3.927,0.639,0.61,0.646,0.617
602,7,gpu,10,32,tensorflow,SVHN,resnet50,121.3,36.94,38907.0,78.714,5.405,0.863,0.855,0.868,0.858
603,7,gpu,10,64,tensorflow,CIFAR10,resnet101,148.359,41.914,38907.0,86.483,5.828,0.492,0.493,0.494,0.488
604,7,gpu,10,64,tensorflow,CIFAR10,resnet152,146.518,40.894,38907.0,87.483,5.094,0.462,0.458,0.459,0.456
605,7,gpu,10,64,tensorflow,CIFAR10,resnet50,137.641,39.787,38907.0,82.312,6.575,0.524,0.519,0.52,0.515
606,7,gpu,10,64,tensorflow,CIFAR100,resnet101,145.146,40.866,38907.0,85.981,5.73,0.2,0.186,0.188,0.174
607,7,gpu,10,64,tensorflow,CIFAR100,resnet152,142.5,40.506,38907.0,86.922,5.001,0.169,0.156,0.158,0.142
608,7,gpu,10,64,tensorflow,CIFAR100,resnet50,136.441,38.812,38907.0,84.594,6.594,0.216,0.205,0.207,0.198
609,7,gpu,10,64,tensorflow,SVHN,resnet101,145.086,40.466,38907.0,86.659,5.739,0.784,0.766,0.782,0.772
610,7,gpu,10,64,tensorflow,SVHN,resnet152,147.414,40.96,38907.0,87.403,5.153,0.716,0.7,0.722,0.703
611,7,gpu,10,64,tensorflow,SVHN,resnet50,127.543,39.362,38907.0,76.025,5.922,0.819,0.818,0.829,0.816
612,8,gpu,10,128,tensorflow,CIFAR10,resnet101,173.993,43.818,38907.0,85.25,5.727,0.486,0.484,0.484,0.482
613,8,gpu,10,128,tensorflow,CIFAR10,resnet152,185.985,49.047,38907.0,90.109,5.75,0.464,0.46,0.461,0.458
614,8,gpu,10,128,tensorflow,CIFAR10,resnet50,157.341,41.788,38907.0,86.144,6.614,0.488,0.484,0.484,0.481
615,8,gpu,10,128,tensorflow,CIFAR100,resnet101,186.77,49.114,38907.0,90.682,5.955,0.18,0.174,0.176,0.164
616,8,gpu,10,128,tensorflow,CIFAR100,resnet152,184.613,45.868,38907.0,90.106,5.778,0.164,0.158,0.16,0.147
617,8,gpu,10,128,tensorflow,CIFAR100,resnet50,168.246,44.955,38907.0,88.591,6.773,0.193,0.186,0.187,0.18
618,8,gpu,10,128,tensorflow,SVHN,resnet101,172.296,45.124,38907.0,86.073,5.976,0.763,0.746,0.764,0.75
619,8,gpu,10,128,tensorflow,SVHN,resnet152,178.024,47.724,38907.0,86.53,5.723,0.714,0.685,0.708,0.694
620,8,gpu,10,128,tensorflow,SVHN,resnet50,161.887,42.647,38907.0,87.118,6.735,0.792,0.774,0.795,0.78
621,8,gpu,10,256,tensorflow,CIFAR10,resnet101,165.12,43.45,38907.0,80.724,8.9,0.448,0.446,0.445,0.444
622,8,gpu,10,256,tensorflow,CIFAR10,resnet152,161.838,43.619,38907.0,81.452,8.0,0.43,0.43,0.43,0.428
623,8,gpu,10,256,tensorflow,CIFAR10,resnet50,171.223,43.214,38907.0,89.214,10.714,0.437,0.436,0.436,0.432
624,8,gpu,10,256,tensorflow,CIFAR100,resnet101,164.728,44.736,38907.0,80.426,8.867,0.154,0.154,0.156,0.146
625,8,gpu,10,256,tensorflow,CIFAR100,resnet152,146.885,41.21,38907.0,75.398,7.476,0.14,0.138,0.141,0.128
626,8,gpu,10,256,tensorflow,CIFAR100,resnet50,161.594,43.062,38907.0,85.875,10.0,0.153,0.152,0.154,0.145
627,8,gpu,10,256,tensorflow,SVHN,resnet101,165.84,43.476,38907.0,82.143,8.81,0.699,0.682,0.707,0.688
628,8,gpu,10,256,tensorflow,SVHN,resnet152,161.654,42.445,38907.0,80.465,8.134,0.647,0.633,0.659,0.637
629,8,gpu,10,256,tensorflow,SVHN,resnet50,171.494,43.814,38907.0,86.936,10.318,0.758,0.745,0.764,0.749
630,8,gpu,10,32,tensorflow,CIFAR10,resnet101,131.823,40.121,38907.0,84.727,4.736,0.454,0.45,0.451,0.446
631,8,gpu,10,32,tensorflow,CIFAR10,resnet152,131.814,39.466,38907.0,84.723,3.933,0.42,0.415,0.416,0.401
632,8,gpu,10,32,tensorflow,CIFAR10,resnet50,124.425,38.155,38907.0,77.793,5.379,0.52,0.504,0.504,0.498
633,8,gpu,10,32,tensorflow,CIFAR100,resnet101,131.548,38.952,38907.0,84.466,4.429,0.224,0.2,0.203,0.188
634,8,gpu,10,32,tensorflow,CIFAR100,resnet152,129.352,37.967,38907.0,84.724,3.933,0.174,0.169,0.174,0.152
635,8,gpu,10,32,tensorflow,CIFAR100,resnet50,126.876,36.983,38907.0,78.724,5.431,0.265,0.25,0.251,0.24
636,8,gpu,10,32,tensorflow,SVHN,resnet101,130.082,40.24,38907.0,83.448,4.416,0.72,0.686,0.716,0.694
637,8,gpu,10,32,tensorflow,SVHN,resnet152,131.334,39.477,38907.0,84.784,3.922,0.687,0.662,0.691,0.67
638,8,gpu,10,32,tensorflow,SVHN,resnet50,124.088,36.94,38907.0,78.226,5.44,0.865,0.866,0.873,0.864
639,8,gpu,10,64,tensorflow,CIFAR10,resnet101,146.849,41.614,38907.0,86.605,5.78,0.503,0.504,0.504,0.497
640,8,gpu,10,64,tensorflow,CIFAR10,resnet152,145.72,40.86,38907.0,87.372,5.07,0.472,0.461,0.462,0.462
641,8,gpu,10,64,tensorflow,CIFAR10,resnet50,136.082,39.812,38907.0,81.125,6.688,0.508,0.502,0.501,0.498
642,8,gpu,10,64,tensorflow,CIFAR100,resnet101,145.127,41.014,38907.0,85.27,5.624,0.207,0.186,0.188,0.18
643,8,gpu,10,64,tensorflow,CIFAR100,resnet152,144.56,40.48,38907.0,86.648,5.094,0.18,0.168,0.17,0.158
644,8,gpu,10,64,tensorflow,CIFAR100,resnet50,136.743,38.906,38907.0,83.688,6.688,0.234,0.22,0.221,0.213
645,8,gpu,10,64,tensorflow,SVHN,resnet101,145.287,40.825,38907.0,87.08,5.816,0.798,0.782,0.796,0.787
646,8,gpu,10,64,tensorflow,SVHN,resnet152,147.461,40.975,38907.0,87.596,5.144,0.729,0.71,0.731,0.716
647,8,gpu,10,64,tensorflow,SVHN,resnet50,128.122,39.402,38907.0,75.393,5.862,0.834,0.826,0.842,0.829
648,9,gpu,10,128,tensorflow,CIFAR10,resnet101,171.454,43.845,38907.0,84.816,5.614,0.484,0.483,0.484,0.48
649,9,gpu,10,128,tensorflow,CIFAR10,resnet152,186.626,48.93,38907.0,89.485,5.586,0.468,0.468,0.467,0.464
650,9,gpu,10,128,tensorflow,CIFAR10,resnet50,152.95,41.867,38907.0,83.14,6.705,0.494,0.492,0.492,0.491
651,9,gpu,10,128,tensorflow,CIFAR100,resnet101,187.462,49.333,38907.0,90.801,6.016,0.192,0.176,0.178,0.169
652,9,gpu,10,128,tensorflow,CIFAR100,resnet152,179.5,45.875,38907.0,90.922,5.812,0.178,0.172,0.174,0.16
653,9,gpu,10,128,tensorflow,CIFAR100,resnet50,160.113,44.78,38907.0,87.932,6.564,0.2,0.192,0.194,0.186
654,9,gpu,10,128,tensorflow,SVHN,resnet101,173.349,45.219,38907.0,85.627,5.962,0.771,0.758,0.777,0.762
655,9,gpu,10,128,tensorflow,SVHN,resnet152,176.495,47.599,38907.0,86.521,5.726,0.72,0.703,0.724,0.709
656,9,gpu,10,128,tensorflow,SVHN,resnet50,155.386,42.656,38907.0,86.125,6.781,0.805,0.797,0.812,0.8
657,9,gpu,10,256,tensorflow,CIFAR10,resnet101,161.746,43.657,38907.0,81.019,8.8,0.451,0.45,0.45,0.448
658,9,gpu,10,256,tensorflow,CIFAR10,resnet152,164.093,43.543,38907.0,79.713,7.93,0.436,0.428,0.429,0.429
659,9,gpu,10,256,tensorflow,CIFAR10,resnet50,166.52,43.205,38907.0,88.339,10.455,0.428,0.433,0.433,0.428
660,9,gpu,10,256,tensorflow,CIFAR100,resnet101,167.0,44.893,38907.0,80.857,9.036,0.16,0.158,0.16,0.148
661,9,gpu,10,256,tensorflow,CIFAR100,resnet152,150.257,41.262,38907.0,75.45,7.65,0.147,0.145,0.148,0.135
662,9,gpu,10,256,tensorflow,CIFAR100,resnet50,167.038,43.357,38907.0,86.5,10.357,0.161,0.158,0.16,0.152
663,9,gpu,10,256,tensorflow,SVHN,resnet101,160.057,43.452,38907.0,78.619,8.571,0.706,0.692,0.714,0.696
664,9,gpu,10,256,tensorflow,SVHN,resnet152,165.032,42.45,38907.0,81.05,8.017,0.679,0.645,0.676,0.657
665,9,gpu,10,256,tensorflow,SVHN,resnet50,178.452,44.2,38907.0,87.8,10.5,0.761,0.752,0.772,0.754
666,9,gpu,10,32,tensorflow,CIFAR10,resnet101,130.897,40.339,38907.0,84.604,4.726,0.482,0.466,0.466,0.462
667,9,gpu,10,32,tensorflow,CIFAR10,resnet152,130.65,39.302,38907.0,84.779,3.907,0.465,0.453,0.453,0.45
668,9,gpu,10,32,tensorflow,CIFAR10,resnet50,126.677,38.087,38907.0,77.817,5.268,0.538,0.536,0.535,0.53
669,9,gpu,10,32,tensorflow,CIFAR100,resnet101,131.427,38.952,38907.0,84.751,4.559,0.237,0.222,0.225,0.211
670,9,gpu,10,32,tensorflow,CIFAR100,resnet152,127.015,37.92,38907.0,84.239,3.914,0.183,0.172,0.173,0.158
671,9,gpu,10,32,tensorflow,CIFAR100,resnet50,125.972,36.966,38907.0,79.31,5.603,0.275,0.261,0.262,0.253
672,9,gpu,10,32,tensorflow,SVHN,resnet101,129.665,40.173,38907.0,83.618,4.429,0.78,0.762,0.781,0.766
673,9,gpu,10,32,tensorflow,SVHN,resnet152,131.213,39.977,38907.0,84.723,3.914,0.714,0.682,0.701,0.688
674,9,gpu,10,32,tensorflow,SVHN,resnet50,124.592,36.94,38907.0,78.672,5.507,0.87,0.864,0.875,0.866
675,9,gpu,10,64,tensorflow,CIFAR10,resnet101,145.898,41.4,38907.0,86.483,5.733,0.516,0.502,0.503,0.5
676,9,gpu,10,64,tensorflow,CIFAR10,resnet152,147.786,40.906,38907.0,86.162,5.047,0.485,0.476,0.476,0.47
677,9,gpu,10,64,tensorflow,CIFAR10,resnet50,133.61,39.781,38907.0,81.562,6.688,0.538,0.53,0.53,0.525
678,9,gpu,10,64,tensorflow,CIFAR100,resnet101,146.85,41.733,38907.0,87.183,5.767,0.218,0.204,0.204,0.196
679,9,gpu,10,64,tensorflow,CIFAR100,resnet152,143.81,40.518,38907.0,86.625,5.025,0.196,0.183,0.185,0.17
680,9,gpu,10,64,tensorflow,CIFAR100,resnet50,138.55,39.131,38907.0,84.478,6.548,0.248,0.222,0.224,0.22
681,9,gpu,10,64,tensorflow,SVHN,resnet101,144.118,41.086,38907.0,86.702,5.77,0.8,0.799,0.809,0.797
682,9,gpu,10,64,tensorflow,SVHN,resnet152,147.044,40.976,38907.0,87.476,5.151,0.759,0.732,0.755,0.742
683,9,gpu,10,64,tensorflow,SVHN,resnet50,126.873,39.364,38907.0,75.788,5.94,0.843,0.837,0.851,0.838
684,10,gpu,10,128,tensorflow,CIFAR10,resnet101,169.641,43.857,38907.0,84.916,5.627,0.5,0.494,0.494,0.494
685,10,gpu,10,128,tensorflow,CIFAR10,resnet152,182.285,49.094,38907.0,90.25,5.766,0.483,0.473,0.473,0.47
686,10,gpu,10,128,tensorflow,CIFAR10,resnet50,154.047,42.144,38907.0,86.201,6.614,0.496,0.49,0.49,0.487
687,10,gpu,10,128,tensorflow,CIFAR100,resnet101,187.171,49.364,38907.0,90.659,5.955,0.19,0.184,0.185,0.174
688,10,gpu,10,128,tensorflow,CIFAR100,resnet152,180.895,45.836,38907.0,89.603,5.769,0.184,0.174,0.175,0.166
689,10,gpu,10,128,tensorflow,CIFAR100,resnet50,166.223,45.136,38907.0,86.409,6.636,0.205,0.19,0.191,0.188
690,10,gpu,10,128,tensorflow,SVHN,resnet101,173.963,45.242,38907.0,86.894,6.045,0.779,0.754,0.775,0.763
691,10,gpu,10,128,tensorflow,SVHN,resnet152,177.761,47.614,38907.0,86.824,5.776,0.738,0.717,0.738,0.724
692,10,gpu,10,128,tensorflow,SVHN,resnet50,163.438,42.728,38907.0,86.557,6.665,0.816,0.809,0.824,0.812
693,10,gpu,10,256,tensorflow,CIFAR10,resnet101,166.857,43.964,38907.0,82.679,8.929,0.452,0.45,0.45,0.448
694,10,gpu,10,256,tensorflow,CIFAR10,resnet152,166.551,43.512,38907.0,81.418,8.15,0.44,0.438,0.439,0.434
695,10,gpu,10,256,tensorflow,CIFAR10,resnet50,159.006,43.5,38907.0,87.071,10.429,0.433,0.436,0.435,0.433
696,10,gpu,10,256,tensorflow,CIFAR100,resnet101,166.372,44.857,38907.0,81.607,8.964,0.161,0.16,0.161,0.152
697,10,gpu,10,256,tensorflow,CIFAR100,resnet152,151.947,41.428,38907.0,74.997,7.587,0.152,0.152,0.154,0.143
698,10,gpu,10,256,tensorflow,CIFAR100,resnet50,161.867,43.393,38907.0,80.652,10.312,0.16,0.156,0.157,0.15
699,10,gpu,10,256,tensorflow,SVHN,resnet101,167.608,43.636,38907.0,82.34,9.1,0.71,0.7,0.721,0.703
700,10,gpu,10,256,tensorflow,SVHN,resnet152,164.871,42.4,38907.0,80.733,8.067,0.681,0.658,0.683,0.663
701,10,gpu,10,256,tensorflow,SVHN,resnet50,172.356,44.195,38907.0,86.145,10.227,0.77,0.758,0.778,0.762
702,10,gpu,10,32,tensorflow,CIFAR10,resnet101,131.339,40.251,38907.0,84.448,4.713,0.483,0.468,0.469,0.464
703,10,gpu,10,32,tensorflow,CIFAR10,resnet152,130.951,38.486,38907.0,84.879,3.92,0.464,0.452,0.453,0.442
704,10,gpu,10,32,tensorflow,CIFAR10,resnet50,127.133,38.414,38907.0,78.569,5.414,0.505,0.498,0.499,0.489
705,10,gpu,10,32,tensorflow,CIFAR100,resnet101,131.692,38.951,38907.0,84.971,4.612,0.254,0.229,0.232,0.222
706,10,gpu,10,32,tensorflow,CIFAR100,resnet152,127.231,37.947,38907.0,84.847,3.907,0.2,0.188,0.191,0.172
707,10,gpu,10,32,tensorflow,CIFAR100,resnet50,126.214,37.089,38907.0,79.536,5.589,0.276,0.258,0.26,0.254
708,10,gpu,10,32,tensorflow,SVHN,resnet101,129.715,39.533,38907.0,83.394,4.413,0.796,0.786,0.802,0.787
709,10,gpu,10,32,tensorflow,SVHN,resnet152,131.342,40.202,38907.0,84.968,3.936,0.738,0.716,0.738,0.722
710,10,gpu,10,32,tensorflow,SVHN,resnet50,123.275,36.663,38907.0,79.194,5.495,0.872,0.872,0.881,0.871
711,10,gpu,10,64,tensorflow,CIFAR10,resnet101,144.484,41.317,38907.0,86.633,5.767,0.522,0.518,0.518,0.516
712,10,gpu,10,64,tensorflow,CIFAR10,resnet152,146.488,40.884,38907.0,87.302,5.035,0.482,0.48,0.481,0.474
713,10,gpu,10,64,tensorflow,CIFAR10,resnet50,133.608,39.719,38907.0,83.781,6.781,0.546,0.542,0.543,0.542
714,10,gpu,10,64,tensorflow,CIFAR100,resnet101,147.768,42.379,38907.0,87.061,5.895,0.225,0.208,0.208,0.198
715,10,gpu,10,64,tensorflow,CIFAR100,resnet152,145.12,40.419,38907.0,87.36,5.081,0.202,0.188,0.189,0.178
716,10,gpu,10,64,tensorflow,CIFAR100,resnet50,140.94,39.344,38907.0,82.844,6.562,0.248,0.229,0.23,0.225
717,10,gpu,10,64,tensorflow,SVHN,resnet101,146.486,41.087,38907.0,86.038,5.758,0.82,0.802,0.818,0.808
718,10,gpu,10,64,tensorflow,SVHN,resnet152,146.347,40.896,38907.0,86.893,5.153,0.764,0.745,0.766,0.75
719,10,gpu,10,64,tensorflow,SVHN,resnet50,128.548,39.382,38907.0,75.832,5.924,0.852,0.845,0.859,0.848
