epoch_number,total_time,device,max_epoch,batch_size,framework,dataset,model,power,temp,mem_used,gpu_util,mem_util,precision,recall,accuracy,f1
1,26.27,gpu,10,256,tensorflow,CIFAR100,resnet50,73.242,34.259,27179.926,26.593,3.037,0.062,0.068,0.066,0.054
1,27.548,gpu,10,256,tensorflow,CIFAR10,resnet50,73.212,33.5,24830.321,24.786,3.0,0.311,0.314,0.315,0.31
1,27.673,gpu,10,256,tensorflow,CIFAR100,resnet50,71.611,34.714,24824.679,23.857,2.893,0.067,0.067,0.066,0.055
1,27.79,gpu,10,256,tensorflow,CIFAR10,resnet50,73.214,33.25,24833.179,25.893,2.929,0.317,0.313,0.313,0.311
1,31.153,gpu,10,128,tensorflow,CIFAR100,resnet50,81.155,35.581,26207.613,31.71,2.645,0.103,0.088,0.09,0.075
1,31.996,gpu,10,128,tensorflow,CIFAR10,resnet50,77.264,33.531,26581.219,28.656,2.219,0.341,0.339,0.339,0.324
1,32.357,gpu,10,128,tensorflow,CIFAR10,resnet50,79.756,32.97,26921.697,31.818,2.515,0.378,0.37,0.37,0.362
1,32.564,gpu,10,256,tensorflow,SVHN,resnet50,78.103,33.909,25794.121,31.788,3.667,0.317,0.299,0.352,0.293
1,32.694,gpu,10,256,tensorflow,SVHN,resnet50,80.579,33.758,25799.394,30.121,3.606,0.283,0.264,0.316,0.261
1,32.813,gpu,10,128,tensorflow,CIFAR100,resnet50,83.457,33.455,26952.303,32.394,2.727,0.081,0.085,0.087,0.067
1,36.329,gpu,10,64,tensorflow,CIFAR10,resnet50,80.803,33.622,28246.486,37.919,2.946,0.386,0.381,0.381,0.374
1,36.439,gpu,10,64,tensorflow,CIFAR100,resnet50,81.125,32.297,28225.676,38.027,3.081,0.096,0.1,0.1,0.081
1,37.283,gpu,10,64,tensorflow,CIFAR100,resnet50,81.261,31.763,27521.842,37.658,3.0,0.089,0.087,0.09,0.066
1,37.3,gpu,10,64,tensorflow,CIFAR10,resnet50,80.754,33.105,28511.026,38.368,3.053,0.388,0.378,0.378,0.369
1,38.326,gpu,10,128,tensorflow,SVHN,resnet50,88.914,34.128,26829.282,37.179,2.821,0.336,0.315,0.364,0.303
1,39.491,gpu,10,128,tensorflow,SVHN,resnet50,88.216,33.3,28086.625,39.1,3.15,0.382,0.367,0.42,0.363
1,42.001,gpu,10,256,tensorflow,CIFAR10,resnet101,78.944,33.476,30274.071,28.81,3.238,0.299,0.304,0.304,0.29
1,42.922,gpu,10,256,tensorflow,CIFAR100,resnet101,77.681,35.047,29588.698,26.302,2.767,0.065,0.068,0.068,0.051
1,43.39,gpu,10,256,tensorflow,CIFAR100,resnet101,79.399,36.432,29799.386,28.182,2.909,0.049,0.061,0.06,0.042
1,43.48,gpu,10,256,tensorflow,CIFAR10,resnet101,78.929,33.136,29796.432,29.386,3.114,0.326,0.317,0.317,0.311
1,47.508,gpu,10,64,tensorflow,SVHN,resnet50,88.634,33.125,29890.021,40.729,3.292,0.406,0.378,0.436,0.363
1,47.663,gpu,10,64,tensorflow,SVHN,resnet50,84.559,34.062,29890.562,41.438,3.229,0.547,0.515,0.551,0.523
1,49.367,gpu,10,32,tensorflow,CIFAR10,resnet50,89.265,33.34,31010.66,47.04,3.14,0.401,0.388,0.387,0.377
1,49.551,gpu,10,32,tensorflow,CIFAR100,resnet50,88.101,32.32,31029.1,45.76,3.2,0.082,0.095,0.097,0.07
1,50.46,gpu,10,32,tensorflow,CIFAR100,resnet50,87.594,32.882,29691.961,44.765,3.216,0.101,0.101,0.102,0.076
1,50.495,gpu,10,128,tensorflow,CIFAR100,resnet101,101.315,37.176,31061.294,41.098,2.882,0.053,0.069,0.071,0.051
1,50.879,gpu,10,128,tensorflow,CIFAR10,resnet101,102.156,34.059,30300.098,39.569,2.843,0.346,0.342,0.341,0.336
1,51.13,gpu,10,128,tensorflow,CIFAR100,resnet101,100.261,38.569,31036.392,39.02,2.569,0.051,0.064,0.065,0.045
1,51.305,gpu,10,256,tensorflow,SVHN,resnet101,89.902,34.058,29749.788,35.212,3.712,0.247,0.199,0.258,0.188
1,53.043,gpu,10,128,tensorflow,CIFAR10,resnet101,93.575,32.792,30618.906,35.849,2.358,0.333,0.339,0.339,0.326
1,54.184,gpu,10,256,tensorflow,SVHN,resnet101,85.664,34.333,30050.815,31.333,3.315,0.207,0.181,0.241,0.158
1,55.402,gpu,10,32,tensorflow,CIFAR10,resnet50,83.678,32.696,30498.946,42.161,2.857,0.397,0.386,0.386,0.37
1,56.595,gpu,10,256,tensorflow,CIFAR10,resnet152,82.924,35.982,31779.754,29.404,2.947,0.301,0.304,0.306,0.293
1,56.694,gpu,10,256,tensorflow,CIFAR100,resnet152,83.824,32.491,31783.719,30.333,3.035,0.042,0.059,0.061,0.041
1,56.715,gpu,10,256,tensorflow,CIFAR10,resnet152,82.582,33.684,31774.526,30.947,3.053,0.292,0.282,0.281,0.277
1,57.561,gpu,10,64,tensorflow,CIFAR100,resnet101,93.498,33.569,32007.155,44.897,3.103,0.048,0.057,0.054,0.03
1,58.321,gpu,10,64,tensorflow,CIFAR10,resnet101,92.912,36.102,31472.085,44.949,3.068,0.337,0.336,0.334,0.32
1,58.621,gpu,10,64,tensorflow,CIFAR100,resnet101,91.684,33.983,32103.898,44.136,2.932,0.055,0.067,0.069,0.041
1,59.098,gpu,10,64,tensorflow,CIFAR10,resnet101,89.393,35.068,31471.881,43.797,2.966,0.352,0.335,0.336,0.327
1,59.656,gpu,10,256,tensorflow,CIFAR100,resnet152,74.471,32.883,32138.317,28.0,2.833,0.055,0.058,0.058,0.037
1,62.357,gpu,10,128,tensorflow,SVHN,resnet101,111.427,36.349,31943.397,48.159,3.302,0.256,0.251,0.306,0.223
1,63.882,gpu,10,128,tensorflow,SVHN,resnet101,103.044,36.172,32054.078,43.422,3.031,0.259,0.253,0.308,0.241
1,68.088,gpu,10,128,tensorflow,CIFAR100,resnet152,102.76,35.368,32367.279,42.368,2.853,0.045,0.07,0.072,0.042
1,68.206,gpu,10,128,tensorflow,CIFAR10,resnet152,100.665,38.691,32932.25,42.941,2.794,0.324,0.329,0.327,0.307
1,68.483,gpu,10,256,tensorflow,SVHN,resnet152,91.698,35.928,32457.304,36.652,3.609,0.173,0.159,0.224,0.123
1,69.087,gpu,10,128,tensorflow,CIFAR10,resnet152,98.736,34.87,32460.159,41.478,2.594,0.328,0.324,0.326,0.308
1,69.508,gpu,10,128,tensorflow,CIFAR100,resnet152,104.649,34.314,33090.786,42.443,2.643,0.052,0.053,0.053,0.03
1,69.766,gpu,10,32,tensorflow,SVHN,resnet50,88.158,31.6,29441.329,47.843,3.257,0.62,0.594,0.628,0.601
1,71.277,gpu,10,256,tensorflow,SVHN,resnet152,91.053,32.648,32080.07,35.225,3.634,0.226,0.181,0.244,0.158
1,74.121,gpu,10,64,tensorflow,SVHN,resnet101,99.639,33.608,32472.635,50.865,3.446,0.264,0.202,0.271,0.165
1,74.324,gpu,10,64,tensorflow,SVHN,resnet101,98.529,33.27,32461.257,51.23,3.446,0.237,0.189,0.248,0.159
1,78.558,gpu,10,64,tensorflow,CIFAR10,resnet152,96.39,34.19,33761.418,47.215,2.797,0.311,0.317,0.318,0.288
1,78.76,gpu,10,64,tensorflow,CIFAR100,resnet152,94.969,33.253,33761.722,47.367,2.835,0.022,0.042,0.043,0.018
1,79.042,gpu,10,32,tensorflow,CIFAR10,resnet101,96.598,34.81,34336.19,55.722,2.962,0.371,0.365,0.365,0.354
1,79.141,gpu,10,64,tensorflow,CIFAR100,resnet152,95.616,33.684,33759.165,48.139,2.823,0.037,0.048,0.049,0.025
1,79.147,gpu,10,64,tensorflow,CIFAR10,resnet152,95.942,33.962,33759.089,47.949,2.886,0.293,0.306,0.306,0.291
1,80.351,gpu,10,32,tensorflow,CIFAR100,resnet101,98.201,35.15,33904.738,54.95,2.975,0.028,0.053,0.054,0.025
1,80.784,gpu,10,32,tensorflow,CIFAR100,resnet101,98.063,34.37,33965.259,56.012,3.062,0.053,0.077,0.079,0.05
1,81.217,gpu,10,32,tensorflow,CIFAR10,resnet101,97.828,34.099,33490.704,54.963,3.16,0.338,0.327,0.328,0.319
1,83.894,gpu,10,128,tensorflow,SVHN,resnet152,118.246,39.738,33617.202,50.429,3.286,0.083,0.129,0.201,0.085
1,87.258,gpu,10,128,tensorflow,SVHN,resnet152,109.021,35.494,33794.805,46.276,3.207,0.137,0.143,0.212,0.111
1,100.212,gpu,10,64,tensorflow,SVHN,resnet152,104.535,36.1,34458.45,54.33,3.27,0.046,0.107,0.19,0.055
1,101.167,gpu,10,64,tensorflow,SVHN,resnet152,106.115,35.257,34124.881,55.257,3.218,0.099,0.132,0.195,0.087
1,106.407,gpu,10,32,tensorflow,SVHN,resnet101,104.441,37.358,34409.443,60.632,3.245,0.123,0.14,0.203,0.094
1,107.298,gpu,10,32,tensorflow,SVHN,resnet101,101.286,35.224,34806.355,60.598,3.14,0.084,0.114,0.17,0.076
1,110.857,gpu,10,32,tensorflow,CIFAR10,resnet152,100.88,33.387,35248.216,57.613,2.631,0.208,0.215,0.213,0.159
1,111.251,gpu,10,32,tensorflow,CIFAR10,resnet152,100.034,36.541,35244.775,57.423,2.631,0.223,0.258,0.257,0.227
1,111.643,gpu,10,32,tensorflow,CIFAR100,resnet152,97.231,34.562,35277.366,57.384,2.679,0.008,0.035,0.034,0.01
1,118.096,gpu,10,32,tensorflow,CIFAR100,resnet152,95.834,33.737,35450.161,53.729,2.534,0.008,0.027,0.026,0.006
1,146.372,gpu,10,32,tensorflow,SVHN,resnet152,104.447,35.425,35862.856,63.842,2.959,0.048,0.099,0.181,0.039
1,146.739,gpu,10,32,tensorflow,SVHN,resnet152,106.225,35.692,35861.993,62.781,2.911,0.034,0.1,0.188,0.033
1,165.506,gpu,10,32,tensorflow,SVHN,resnet50,57.928,29.4,16300.879,20.267,1.394,0.547,0.489,0.545,0.491
2,7.0,gpu,10,256,tensorflow,CIFAR10,resnet50,185.139,39.714,38907.0,85.0,11.429,0.367,0.367,0.368,0.361
2,7.0,gpu,10,256,tensorflow,CIFAR100,resnet50,185.909,40.714,38907.0,83.857,11.571,0.081,0.083,0.086,0.069
2,8.0,gpu,10,256,tensorflow,CIFAR10,resnet50,154.286,38.75,38907.0,82.5,10.0,0.371,0.374,0.373,0.366
2,8.0,gpu,10,256,tensorflow,CIFAR100,resnet50,154.009,39.25,38907.0,84.125,10.75,0.098,0.097,0.099,0.083
2,11.0,gpu,10,128,tensorflow,CIFAR10,resnet50,158.734,38.636,38907.0,85.455,7.273,0.42,0.421,0.422,0.418
2,11.0,gpu,10,128,tensorflow,CIFAR100,resnet50,162.585,40.455,38907.0,85.591,7.0,0.118,0.122,0.124,0.106
2,11.0,gpu,10,256,tensorflow,SVHN,resnet50,171.197,39.773,38907.0,86.136,10.636,0.523,0.495,0.542,0.5
2,12.0,gpu,10,128,tensorflow,CIFAR10,resnet50,151.163,38.667,38907.0,84.333,7.167,0.404,0.405,0.404,0.397
2,14.0,gpu,10,256,tensorflow,CIFAR10,resnet101,157.659,38.857,38907.0,81.714,9.357,0.377,0.368,0.369,0.367
2,14.0,gpu,10,256,tensorflow,CIFAR100,resnet101,166.092,42.571,38907.0,80.143,8.929,0.075,0.083,0.084,0.067
2,15.0,gpu,10,256,tensorflow,CIFAR10,resnet101,157.659,39.933,38907.0,81.333,8.867,0.36,0.362,0.361,0.354
2,15.0,gpu,10,256,tensorflow,CIFAR100,resnet101,159.474,41.0,38907.0,80.067,8.467,0.077,0.087,0.087,0.069
2,16.0,gpu,10,128,tensorflow,SVHN,resnet50,154.182,39.25,38907.0,86.75,6.875,0.628,0.599,0.638,0.606
2,16.0,gpu,10,64,tensorflow,CIFAR10,resnet50,139.248,37.875,38907.0,81.5,6.938,0.434,0.428,0.428,0.421
2,16.0,gpu,10,64,tensorflow,CIFAR100,resnet50,135.811,36.531,38907.0,81.094,6.594,0.132,0.129,0.132,0.11
2,17.0,gpu,10,128,tensorflow,SVHN,resnet50,157.242,39.706,38907.0,87.235,6.765,0.601,0.551,0.6,0.565
2,21.0,gpu,10,256,tensorflow,CIFAR10,resnet152,161.079,39.762,38907.0,81.238,8.0,0.35,0.347,0.347,0.344
2,21.0,gpu,10,256,tensorflow,CIFAR100,resnet152,163.102,39.857,38907.0,80.333,8.381,0.075,0.087,0.09,0.068
2,21.0,gpu,10,256,tensorflow,SVHN,resnet101,166.969,40.6,38907.0,82.15,9.25,0.397,0.39,0.443,0.383
2,22.0,gpu,10,128,tensorflow,CIFAR100,resnet101,180.294,45.341,38907.0,90.023,6.068,0.09,0.094,0.096,0.074
2,22.0,gpu,10,256,tensorflow,CIFAR10,resnet152,161.055,42.273,38907.0,80.636,7.773,0.35,0.342,0.34,0.333
2,22.0,gpu,10,256,tensorflow,SVHN,resnet101,157.907,40.273,38907.0,78.909,8.318,0.402,0.337,0.397,0.333
2,23.0,gpu,10,128,tensorflow,CIFAR10,resnet101,172.667,41.348,38907.0,88.174,6.0,0.404,0.392,0.39,0.386
2,24.0,gpu,10,128,tensorflow,CIFAR10,resnet101,159.388,39.25,38907.0,80.458,5.583,0.391,0.392,0.393,0.381
2,24.0,gpu,10,256,tensorflow,CIFAR100,resnet152,131.57,36.917,38907.0,65.25,6.792,0.062,0.081,0.081,0.058
2,25.0,gpu,10,64,tensorflow,SVHN,resnet50,127.357,37.56,38907.0,75.72,5.96,0.669,0.658,0.685,0.659
2,26.0,gpu,10,64,tensorflow,SVHN,resnet50,130.861,38.038,38907.0,73.231,6.231,0.716,0.68,0.713,0.694
2,29.0,gpu,10,32,tensorflow,CIFAR10,resnet50,128.279,37.464,38907.0,78.964,5.714,0.415,0.421,0.422,0.414
2,29.0,gpu,10,32,tensorflow,CIFAR100,resnet50,128.601,36.0,38907.0,78.241,5.586,0.163,0.138,0.137,0.116
2,30.0,gpu,10,32,tensorflow,CIFAR10,resnet50,126.572,36.0,38907.0,76.897,5.069,0.413,0.394,0.394,0.389
2,30.0,gpu,10,32,tensorflow,CIFAR100,resnet50,125.48,35.867,38907.0,78.9,5.467,0.128,0.136,0.138,0.114
2,30.0,gpu,10,64,tensorflow,CIFAR10,resnet101,146.161,40.759,38907.0,86.076,5.934,0.397,0.384,0.385,0.376
2,30.0,gpu,10,64,tensorflow,CIFAR100,resnet101,146.664,39.05,38907.0,86.683,5.917,0.072,0.085,0.088,0.066
2,31.0,gpu,10,256,tensorflow,SVHN,resnet152,161.487,41.967,38907.0,80.433,8.333,0.281,0.239,0.305,0.217
2,32.0,gpu,10,128,tensorflow,CIFAR10,resnet152,183.81,45.891,38907.0,89.797,5.781,0.367,0.368,0.368,0.356
2,32.0,gpu,10,128,tensorflow,CIFAR100,resnet152,180.59,42.613,38907.0,89.903,5.871,0.065,0.085,0.083,0.061
2,32.0,gpu,10,128,tensorflow,SVHN,resnet101,184.574,43.871,38907.0,91.226,6.387,0.511,0.479,0.517,0.478
2,32.0,gpu,10,256,tensorflow,SVHN,resnet152,161.862,39.25,38907.0,78.219,8.094,0.376,0.352,0.406,0.347
2,33.0,gpu,10,128,tensorflow,CIFAR100,resnet152,182.158,43.061,38907.0,90.485,6.061,0.086,0.081,0.083,0.058
2,34.0,gpu,10,128,tensorflow,SVHN,resnet101,164.816,42.853,38907.0,82.147,5.706,0.522,0.474,0.531,0.479
2,43.0,gpu,10,32,tensorflow,SVHN,resnet50,123.191,36.674,38907.0,78.651,5.465,0.728,0.717,0.737,0.716
2,43.0,gpu,10,64,tensorflow,CIFAR10,resnet152,144.417,39.558,38907.0,87.419,5.07,0.356,0.361,0.362,0.345
2,44.0,gpu,10,64,tensorflow,CIFAR10,resnet152,145.584,39.512,38907.0,87.116,5.023,0.361,0.356,0.354,0.34
2,44.0,gpu,10,64,tensorflow,CIFAR100,resnet152,140.69,38.932,38907.0,86.83,5.045,0.05,0.071,0.073,0.044
2,44.0,gpu,10,64,tensorflow,SVHN,resnet101,143.987,38.33,38907.0,86.886,5.795,0.561,0.512,0.561,0.522
2,47.0,gpu,10,128,tensorflow,SVHN,resnet152,183.678,47.894,38907.0,90.83,5.702,0.275,0.245,0.305,0.222
2,50.0,gpu,10,128,tensorflow,SVHN,resnet152,163.827,42.34,38907.0,81.62,5.66,0.337,0.319,0.375,0.295
2,52.0,gpu,10,32,tensorflow,CIFAR100,resnet101,133.381,38.481,38907.0,84.413,4.529,0.096,0.1,0.103,0.072
2,53.0,gpu,10,32,tensorflow,CIFAR10,resnet101,130.618,38.066,38907.0,83.906,4.67,0.384,0.378,0.378,0.372
2,63.0,gpu,10,64,tensorflow,SVHN,resnet152,145.786,40.722,38907.0,86.873,5.23,0.188,0.173,0.264,0.122
2,75.0,gpu,10,32,tensorflow,CIFAR10,resnet152,130.82,37.135,38907.0,84.446,4.081,0.329,0.322,0.326,0.291
2,75.0,gpu,10,32,tensorflow,CIFAR100,resnet152,127.591,37.027,38907.0,84.189,3.932,0.028,0.05,0.051,0.025
2,76.0,gpu,10,32,tensorflow,CIFAR10,resnet152,130.906,39.763,38907.0,84.618,3.921,0.334,0.308,0.306,0.278
2,77.0,gpu,10,32,tensorflow,SVHN,resnet101,133.811,41.351,38907.0,83.935,4.545,0.457,0.432,0.483,0.431
2,79.0,gpu,10,32,tensorflow,CIFAR100,resnet152,125.14,37.481,38907.0,81.57,3.861,0.019,0.048,0.048,0.021
2,79.0,gpu,10,32,tensorflow,SVHN,resnet101,125.754,37.747,38907.0,82.456,4.519,0.091,0.123,0.193,0.083
2,111.0,gpu,10,32,tensorflow,SVHN,resnet152,130.807,37.919,38907.0,84.577,3.928,0.046,0.112,0.193,0.048
3,7.0,gpu,10,256,tensorflow,CIFAR10,resnet50,166.875,40.357,38907.0,88.571,10.286,0.4,0.394,0.394,0.394
3,8.0,gpu,10,256,tensorflow,CIFAR100,resnet50,161.948,40.625,38907.0,86.25,10.0,0.116,0.109,0.11,0.099
3,10.0,gpu,10,256,tensorflow,SVHN,resnet50,172.634,41.35,38907.0,86.9,10.65,0.621,0.595,0.634,0.603
3,11.0,gpu,10,128,tensorflow,CIFAR10,resnet50,154.257,39.818,38907.0,85.636,6.727,0.433,0.429,0.428,0.425
3,11.0,gpu,10,128,tensorflow,CIFAR100,resnet50,167.275,42.818,38907.0,88.909,6.727,0.145,0.138,0.14,0.129
3,12.0,gpu,10,128,tensorflow,CIFAR10,resnet50,154.535,39.583,38907.0,86.5,6.5,0.435,0.437,0.437,0.433
3,12.0,gpu,10,128,tensorflow,CIFAR100,resnet50,165.218,41.417,38907.0,89.167,6.5,0.13,0.131,0.133,0.116
3,14.0,gpu,10,256,tensorflow,CIFAR10,resnet101,160.929,41.0,38907.0,81.893,8.857,0.399,0.391,0.39,0.386
3,14.0,gpu,10,256,tensorflow,CIFAR100,resnet101,167.167,43.071,38907.0,80.893,9.179,0.092,0.1,0.103,0.085
3,16.0,gpu,10,64,tensorflow,CIFAR10,resnet50,138.328,38.467,38907.0,83.533,6.933,0.456,0.451,0.449,0.446
3,16.0,gpu,10,64,tensorflow,CIFAR100,resnet50,137.807,37.688,38907.0,83.625,6.625,0.155,0.141,0.144,0.13
3,17.0,gpu,10,128,tensorflow,SVHN,resnet50,155.577,40.765,38907.0,85.333,6.642,0.694,0.675,0.702,0.68
3,17.0,gpu,10,64,tensorflow,CIFAR10,resnet50,133.658,38.812,38907.0,82.875,6.812,0.464,0.466,0.466,0.458
3,17.0,gpu,10,64,tensorflow,CIFAR100,resnet50,135.467,37.438,38907.0,80.312,6.5,0.177,0.156,0.157,0.137
3,20.0,gpu,10,256,tensorflow,CIFAR10,resnet152,166.129,44.0,38907.0,80.25,8.3,0.373,0.375,0.375,0.369
3,20.0,gpu,10,256,tensorflow,CIFAR100,resnet152,164.493,41.55,38907.0,81.7,8.3,0.085,0.098,0.1,0.08
3,21.0,gpu,10,256,tensorflow,CIFAR10,resnet152,162.779,41.238,38907.0,80.952,8.0,0.379,0.379,0.379,0.377
3,21.0,gpu,10,256,tensorflow,SVHN,resnet101,163.395,41.976,38907.0,79.976,8.69,0.544,0.498,0.544,0.51
3,22.0,gpu,10,128,tensorflow,CIFAR10,resnet101,175.816,43.182,38907.0,90.273,6.409,0.415,0.4,0.399,0.397
3,22.0,gpu,10,128,tensorflow,CIFAR100,resnet101,184.997,47.864,38907.0,90.636,5.727,0.114,0.11,0.11,0.091
3,23.0,gpu,10,128,tensorflow,CIFAR100,resnet101,179.267,46.174,38907.0,88.522,6.13,0.103,0.116,0.119,0.099
3,23.0,gpu,10,256,tensorflow,CIFAR100,resnet152,136.318,38.13,38907.0,68.304,7.13,0.092,0.095,0.096,0.079
3,24.0,gpu,10,128,tensorflow,CIFAR10,resnet101,164.203,40.833,38907.0,80.75,5.25,0.44,0.426,0.426,0.423
3,25.0,gpu,10,64,tensorflow,SVHN,resnet50,129.013,38.8,38907.0,76.32,6.08,0.76,0.734,0.757,0.742
3,26.0,gpu,10,64,tensorflow,SVHN,resnet50,124.85,38.44,38907.0,75.92,5.84,0.74,0.715,0.744,0.724
3,29.0,gpu,10,32,tensorflow,CIFAR10,resnet50,125.576,38.276,38907.0,79.517,5.69,0.453,0.439,0.439,0.436
3,29.0,gpu,10,32,tensorflow,CIFAR100,resnet50,124.858,36.696,38907.0,78.839,5.607,0.193,0.17,0.172,0.154
3,30.0,gpu,10,256,tensorflow,SVHN,resnet152,163.112,40.933,38907.0,80.7,8.067,0.506,0.467,0.518,0.475
3,30.0,gpu,10,32,tensorflow,CIFAR10,resnet50,126.702,36.767,38907.0,76.6,5.067,0.448,0.434,0.435,0.432
3,30.0,gpu,10,64,tensorflow,CIFAR10,resnet101,144.439,41.733,38907.0,86.567,5.767,0.437,0.426,0.425,0.423
3,30.0,gpu,10,64,tensorflow,CIFAR100,resnet101,146.521,40.103,38907.0,85.552,5.759,0.111,0.111,0.111,0.09
3,31.0,gpu,10,256,tensorflow,SVHN,resnet152,164.732,43.0,38907.0,80.161,8.0,0.38,0.351,0.411,0.34
3,31.0,gpu,10,64,tensorflow,CIFAR100,resnet101,143.221,39.935,38907.0,86.71,5.71,0.122,0.118,0.12,0.097
3,32.0,gpu,10,128,tensorflow,CIFAR10,resnet152,176.937,48.375,38907.0,90.203,5.75,0.398,0.398,0.398,0.392
3,32.0,gpu,10,128,tensorflow,CIFAR100,resnet152,182.072,45.062,38907.0,90.656,5.781,0.093,0.106,0.109,0.09
3,33.0,gpu,10,128,tensorflow,CIFAR100,resnet152,176.251,44.212,38907.0,89.333,5.636,0.089,0.106,0.108,0.083
3,33.0,gpu,10,128,tensorflow,SVHN,resnet101,179.945,45.121,38907.0,89.364,6.121,0.616,0.584,0.62,0.593
3,34.0,gpu,10,128,tensorflow,SVHN,resnet101,166.735,44.0,38907.0,82.941,5.735,0.647,0.606,0.645,0.62
3,42.0,gpu,10,32,tensorflow,SVHN,resnet50,125.758,37.297,38907.0,79.235,5.444,0.782,0.77,0.788,0.774
3,43.0,gpu,10,64,tensorflow,CIFAR10,resnet152,145.739,40.64,38907.0,87.267,5.081,0.4,0.394,0.394,0.384
3,43.0,gpu,10,64,tensorflow,CIFAR100,resnet152,144.943,39.942,38907.0,86.994,5.083,0.08,0.092,0.093,0.072
3,43.0,gpu,10,64,tensorflow,SVHN,resnet101,144.669,38.86,38907.0,86.605,5.767,0.65,0.632,0.662,0.635
3,44.0,gpu,10,64,tensorflow,SVHN,resnet101,142.781,39.455,38907.0,85.977,5.682,0.689,0.659,0.689,0.669
3,47.0,gpu,10,128,tensorflow,SVHN,resnet152,187.361,49.283,38907.0,90.239,5.761,0.491,0.423,0.491,0.426
3,49.0,gpu,10,128,tensorflow,SVHN,resnet152,168.204,43.592,38907.0,80.959,5.653,0.524,0.474,0.52,0.489
3,52.0,gpu,10,32,tensorflow,CIFAR10,resnet101,129.722,39.462,38907.0,83.798,4.663,0.416,0.41,0.41,0.39
3,52.0,gpu,10,32,tensorflow,CIFAR100,resnet101,132.48,38.922,38907.0,83.765,4.471,0.137,0.119,0.122,0.103
3,53.0,gpu,10,32,tensorflow,CIFAR100,resnet101,131.182,38.906,38907.0,83.302,4.434,0.104,0.113,0.116,0.092
3,63.0,gpu,10,64,tensorflow,SVHN,resnet152,146.208,41.294,38907.0,87.103,5.056,0.41,0.382,0.444,0.372
3,76.0,gpu,10,32,tensorflow,CIFAR10,resnet152,131.371,39.151,38907.0,84.131,3.881,0.368,0.368,0.367,0.353
3,76.0,gpu,10,32,tensorflow,CIFAR100,resnet152,126.692,36.974,38907.0,84.75,3.921,0.06,0.085,0.086,0.058
3,77.0,gpu,10,32,tensorflow,SVHN,resnet101,133.357,41.896,38907.0,83.922,4.506,0.564,0.547,0.583,0.546
3,78.0,gpu,10,32,tensorflow,CIFAR100,resnet152,125.747,37.753,38907.0,81.519,3.857,0.043,0.07,0.071,0.045
3,78.0,gpu,10,32,tensorflow,SVHN,resnet101,126.007,37.962,38907.0,82.718,4.385,0.201,0.205,0.265,0.172
3,110.0,gpu,10,32,tensorflow,SVHN,resnet152,131.689,38.986,38907.0,84.532,3.927,0.151,0.185,0.266,0.134
4,7.0,gpu,10,256,tensorflow,CIFAR10,resnet50,159.767,41.143,38907.0,80.714,10.429,0.407,0.409,0.408,0.406
4,7.0,gpu,10,256,tensorflow,CIFAR100,resnet50,164.617,41.571,38907.0,84.643,10.286,0.128,0.126,0.129,0.117
4,8.0,gpu,10,256,tensorflow,CIFAR10,resnet50,156.948,40.75,38907.0,88.25,9.875,0.416,0.42,0.419,0.411
4,11.0,gpu,10,128,tensorflow,CIFAR10,resnet50,155.78,40.545,38907.0,86.909,6.727,0.464,0.468,0.468,0.461
4,11.0,gpu,10,128,tensorflow,CIFAR100,resnet50,171.741,42.727,38907.0,89.636,6.727,0.161,0.154,0.156,0.143
4,11.0,gpu,10,256,tensorflow,SVHN,resnet50,165.839,41.955,38907.0,88.5,10.136,0.669,0.661,0.687,0.662
4,12.0,gpu,10,128,tensorflow,CIFAR10,resnet50,157.087,40.583,38907.0,85.583,6.833,0.445,0.45,0.449,0.443
4,12.0,gpu,10,128,tensorflow,CIFAR100,resnet50,164.826,43.333,38907.0,82.167,6.333,0.159,0.153,0.155,0.145
4,14.0,gpu,10,256,tensorflow,CIFAR10,resnet101,163.883,42.786,38907.0,82.786,9.0,0.407,0.399,0.398,0.394
4,14.0,gpu,10,256,tensorflow,CIFAR100,resnet101,161.211,43.357,38907.0,81.0,8.929,0.122,0.122,0.123,0.11
4,15.0,gpu,10,256,tensorflow,CIFAR10,resnet101,161.589,41.067,38907.0,82.533,8.533,0.421,0.42,0.419,0.413
4,15.0,gpu,10,256,tensorflow,CIFAR100,resnet101,160.214,44.429,38907.0,81.714,8.929,0.108,0.113,0.114,0.097
4,16.0,gpu,10,128,tensorflow,SVHN,resnet50,158.446,41.548,38907.0,83.544,6.675,0.736,0.723,0.743,0.727
4,16.0,gpu,10,64,tensorflow,CIFAR10,resnet50,138.948,39.125,38907.0,83.719,6.812,0.483,0.481,0.48,0.468
4,16.0,gpu,10,64,tensorflow,CIFAR100,resnet50,139.717,38.0,38907.0,84.719,6.781,0.183,0.17,0.172,0.158
4,21.0,gpu,10,256,tensorflow,CIFAR10,resnet152,162.823,43.323,38907.0,79.139,8.055,0.393,0.389,0.389,0.384
4,21.0,gpu,10,256,tensorflow,CIFAR100,resnet152,158.561,42.143,38907.0,81.333,8.0,0.103,0.112,0.115,0.096
4,21.0,gpu,10,256,tensorflow,SVHN,resnet101,164.519,42.571,38907.0,79.548,8.762,0.605,0.573,0.608,0.58
4,22.0,gpu,10,128,tensorflow,CIFAR10,resnet101,179.604,43.909,38907.0,90.136,6.227,0.441,0.44,0.441,0.436
4,22.0,gpu,10,128,tensorflow,CIFAR100,resnet101,186.726,48.172,38907.0,91.075,6.006,0.126,0.129,0.131,0.114
4,24.0,gpu,10,128,tensorflow,CIFAR10,resnet101,162.436,41.458,38907.0,79.708,5.125,0.454,0.444,0.444,0.443
4,24.0,gpu,10,256,tensorflow,CIFAR100,resnet152,132.448,38.667,38907.0,69.208,6.833,0.101,0.109,0.111,0.093
4,25.0,gpu,10,64,tensorflow,SVHN,resnet50,128.602,38.94,38907.0,76.12,6.04,0.769,0.756,0.775,0.758
4,29.0,gpu,10,32,tensorflow,CIFAR10,resnet50,125.258,37.931,38907.0,78.345,5.345,0.456,0.436,0.436,0.424
4,29.0,gpu,10,32,tensorflow,CIFAR100,resnet50,122.828,36.931,38907.0,79.172,5.517,0.203,0.192,0.197,0.179
4,29.0,gpu,10,64,tensorflow,CIFAR100,resnet101,145.838,40.75,38907.0,87.821,6.0,0.141,0.14,0.141,0.121
4,30.0,gpu,10,256,tensorflow,SVHN,resnet152,163.477,43.333,38907.0,80.4,8.067,0.438,0.427,0.471,0.421
4,30.0,gpu,10,32,tensorflow,CIFAR100,resnet50,127.65,36.867,38907.0,77.833,5.633,0.217,0.209,0.21,0.193
4,30.0,gpu,10,64,tensorflow,CIFAR10,resnet101,146.4,41.967,38907.0,86.567,5.733,0.452,0.446,0.446,0.44
4,30.0,gpu,10,64,tensorflow,CIFAR100,resnet101,146.093,40.8,38907.0,85.733,5.667,0.133,0.132,0.134,0.116
4,31.0,gpu,10,128,tensorflow,CIFAR100,resnet152,187.522,45.871,38907.0,91.839,5.903,0.12,0.12,0.124,0.102
4,31.0,gpu,10,256,tensorflow,SVHN,resnet152,162.379,41.355,38907.0,80.355,7.839,0.567,0.545,0.581,0.549
4,32.0,gpu,10,128,tensorflow,CIFAR100,resnet152,176.314,44.875,38907.0,89.531,5.656,0.115,0.116,0.119,0.099
4,32.0,gpu,10,128,tensorflow,SVHN,resnet101,182.356,45.781,38907.0,90.688,6.188,0.697,0.652,0.685,0.668
4,33.0,gpu,10,128,tensorflow,CIFAR10,resnet152,183.532,49.303,38907.0,89.591,5.621,0.418,0.416,0.416,0.411
4,34.0,gpu,10,128,tensorflow,SVHN,resnet101,167.467,44.529,38907.0,82.412,5.765,0.676,0.659,0.685,0.664
4,42.0,gpu,10,32,tensorflow,SVHN,resnet50,124.368,38.366,38907.0,80.366,5.659,0.818,0.804,0.821,0.808
4,43.0,gpu,10,32,tensorflow,SVHN,resnet50,123.804,36.256,38907.0,78.884,5.488,0.81,0.794,0.811,0.8
4,43.0,gpu,10,64,tensorflow,CIFAR10,resnet152,145.792,40.837,38907.0,87.198,5.0,0.414,0.41,0.41,0.402
4,43.0,gpu,10,64,tensorflow,CIFAR100,resnet152,143.694,40.244,38907.0,86.895,5.058,0.106,0.114,0.116,0.092
4,44.0,gpu,10,64,tensorflow,SVHN,resnet101,144.917,39.466,38907.0,86.977,5.773,0.723,0.692,0.72,0.702
4,47.0,gpu,10,128,tensorflow,SVHN,resnet152,184.256,49.447,38907.0,90.979,5.809,0.581,0.536,0.584,0.549
4,50.0,gpu,10,128,tensorflow,SVHN,resnet152,167.017,44.08,38907.0,82.16,5.6,0.595,0.553,0.588,0.562
4,52.0,gpu,10,32,tensorflow,CIFAR100,resnet101,132.065,38.942,38907.0,83.096,4.404,0.145,0.146,0.15,0.121
4,53.0,gpu,10,32,tensorflow,CIFAR10,resnet101,128.857,39.904,38907.0,84.673,4.702,0.378,0.361,0.36,0.35
4,53.0,gpu,10,32,tensorflow,CIFAR100,resnet101,132.578,38.925,38907.0,83.717,4.528,0.154,0.149,0.151,0.134
4,63.0,gpu,10,64,tensorflow,SVHN,resnet152,147.799,41.371,38907.0,87.758,5.177,0.572,0.529,0.578,0.538
4,75.0,gpu,10,32,tensorflow,CIFAR10,resnet152,133.189,39.36,38907.0,84.88,3.92,0.41,0.405,0.405,0.4
4,75.0,gpu,10,32,tensorflow,CIFAR100,resnet152,126.727,37.068,38907.0,84.581,3.959,0.087,0.105,0.107,0.079
4,76.0,gpu,10,32,tensorflow,CIFAR10,resnet152,129.868,39.289,38907.0,84.618,3.921,0.386,0.383,0.383,0.373
4,77.0,gpu,10,32,tensorflow,CIFAR100,resnet152,127.951,37.896,38907.0,82.909,3.896,0.087,0.104,0.108,0.081
4,77.0,gpu,10,32,tensorflow,SVHN,resnet101,135.06,40.974,38907.0,83.579,4.461,0.679,0.644,0.677,0.653
4,78.0,gpu,10,32,tensorflow,SVHN,resnet101,125.338,37.948,38907.0,83.078,4.403,0.499,0.442,0.487,0.431
4,110.0,gpu,10,32,tensorflow,SVHN,resnet152,132.467,39.597,38907.0,84.781,3.927,0.349,0.34,0.381,0.308
5,7.0,gpu,10,256,tensorflow,CIFAR10,resnet50,164.663,41.643,38907.0,87.0,10.643,0.417,0.416,0.416,0.413
5,7.0,gpu,10,256,tensorflow,CIFAR100,resnet50,171.06,43.0,38907.0,79.857,10.286,0.123,0.127,0.129,0.116
5,8.0,gpu,10,256,tensorflow,CIFAR100,resnet50,163.744,41.286,38907.0,78.571,10.286,0.137,0.133,0.133,0.124
5,10.0,gpu,10,256,tensorflow,SVHN,resnet50,175.29,43.0,38907.0,89.5,11.2,0.706,0.705,0.725,0.703
5,11.0,gpu,10,128,tensorflow,CIFAR10,resnet50,158.242,41.241,38907.0,86.177,6.864,0.461,0.454,0.454,0.453
5,11.0,gpu,10,128,tensorflow,CIFAR100,resnet50,161.864,43.727,38907.0,86.273,6.682,0.168,0.16,0.163,0.15
5,11.0,gpu,10,256,tensorflow,SVHN,resnet50,170.307,42.636,38907.0,89.545,9.909,0.714,0.687,0.719,0.696
5,14.0,gpu,10,256,tensorflow,CIFAR10,resnet101,166.615,41.846,38907.0,82.923,9.308,0.427,0.428,0.428,0.425
5,14.0,gpu,10,256,tensorflow,CIFAR100,resnet101,165.015,44.357,38907.0,82.857,9.0,0.122,0.126,0.128,0.112
5,15.0,gpu,10,256,tensorflow,CIFAR10,resnet101,162.251,43.4,38907.0,82.0,8.533,0.43,0.427,0.427,0.425
5,16.0,gpu,10,128,tensorflow,SVHN,resnet50,161.769,42.125,38907.0,87.688,6.875,0.765,0.741,0.763,0.747
5,16.0,gpu,10,64,tensorflow,CIFAR10,resnet50,137.895,39.406,38907.0,82.062,6.688,0.503,0.494,0.494,0.49
5,16.0,gpu,10,64,tensorflow,CIFAR100,resnet50,135.606,38.402,38907.0,84.585,6.875,0.194,0.181,0.182,0.171
5,17.0,gpu,10,128,tensorflow,SVHN,resnet50,152.216,41.765,38907.0,86.118,6.647,0.749,0.746,0.76,0.744
5,20.0,gpu,10,256,tensorflow,SVHN,resnet101,171.181,43.4,38907.0,80.15,8.8,0.638,0.608,0.639,0.617
5,21.0,gpu,10,256,tensorflow,CIFAR10,resnet152,165.198,43.654,38907.0,80.952,8.126,0.399,0.4,0.401,0.394
5,21.0,gpu,10,256,tensorflow,CIFAR100,resnet152,166.301,42.8,38907.0,81.55,8.3,0.123,0.124,0.126,0.11
5,22.0,gpu,10,128,tensorflow,CIFAR100,resnet101,184.514,48.636,38907.0,90.705,5.977,0.139,0.144,0.146,0.128
5,22.0,gpu,10,256,tensorflow,SVHN,resnet101,161.199,42.818,38907.0,79.227,8.545,0.66,0.64,0.666,0.646
5,23.0,gpu,10,128,tensorflow,CIFAR10,resnet101,170.045,43.152,38907.0,84.674,5.63,0.446,0.448,0.448,0.44
5,23.0,gpu,10,256,tensorflow,CIFAR100,resnet152,133.609,38.955,38907.0,68.455,7.409,0.117,0.124,0.126,0.109
5,26.0,gpu,10,64,tensorflow,SVHN,resnet50,129.205,39.056,38907.0,75.832,5.863,0.796,0.784,0.804,0.787
5,29.0,gpu,10,32,tensorflow,CIFAR10,resnet50,123.68,38.931,38907.0,79.414,5.586,0.511,0.498,0.498,0.485
5,29.0,gpu,10,32,tensorflow,CIFAR100,resnet50,126.43,36.931,38907.0,78.828,5.69,0.225,0.211,0.214,0.2
5,29.0,gpu,10,64,tensorflow,CIFAR10,resnet101,146.419,40.966,38907.0,87.448,5.897,0.475,0.465,0.465,0.464
5,30.0,gpu,10,256,tensorflow,SVHN,resnet152,166.182,42.0,38907.0,79.333,8.167,0.607,0.581,0.617,0.588
5,30.0,gpu,10,32,tensorflow,CIFAR10,resnet50,125.569,36.967,38907.0,77.867,5.133,0.409,0.383,0.385,0.363
5,30.0,gpu,10,64,tensorflow,CIFAR10,resnet101,145.498,42.867,38907.0,86.033,5.667,0.476,0.454,0.455,0.451
5,30.0,gpu,10,64,tensorflow,CIFAR100,resnet101,146.224,40.833,38907.0,87.0,5.8,0.148,0.149,0.151,0.132
5,31.0,gpu,10,256,tensorflow,SVHN,resnet152,158.813,43.097,38907.0,79.645,8.0,0.535,0.497,0.541,0.501
5,31.0,gpu,10,64,tensorflow,CIFAR100,resnet101,141.973,40.677,38907.0,84.484,5.548,0.149,0.153,0.155,0.135
5,32.0,gpu,10,128,tensorflow,CIFAR10,resnet152,188.352,49.516,38907.0,90.25,5.719,0.436,0.433,0.433,0.43
5,32.0,gpu,10,128,tensorflow,CIFAR100,resnet152,181.361,45.625,38907.0,90.469,5.766,0.124,0.126,0.126,0.11
5,33.0,gpu,10,128,tensorflow,SVHN,resnet101,179.093,46.091,38907.0,89.273,6.152,0.722,0.701,0.721,0.708
5,35.0,gpu,10,128,tensorflow,SVHN,resnet101,166.502,44.529,38907.0,82.0,5.735,0.716,0.694,0.718,0.703
5,42.0,gpu,10,32,tensorflow,SVHN,resnet50,122.251,37.357,38907.0,79.81,5.643,0.837,0.824,0.839,0.828
5,43.0,gpu,10,64,tensorflow,CIFAR10,resnet152,145.194,40.871,38907.0,87.333,5.142,0.432,0.433,0.432,0.426
5,43.0,gpu,10,64,tensorflow,CIFAR100,resnet152,144.458,40.35,38907.0,87.339,5.059,0.14,0.13,0.131,0.114
5,44.0,gpu,10,64,tensorflow,SVHN,resnet101,143.406,39.827,38907.0,86.843,5.805,0.751,0.734,0.755,0.74
5,47.0,gpu,10,128,tensorflow,SVHN,resnet152,185.278,49.213,38907.0,91.149,5.745,0.636,0.603,0.637,0.613
5,49.0,gpu,10,128,tensorflow,SVHN,resnet152,169.814,46.188,38907.0,81.458,5.729,0.639,0.603,0.637,0.612
5,52.0,gpu,10,32,tensorflow,CIFAR10,resnet101,130.607,39.615,38907.0,84.519,4.721,0.418,0.408,0.407,0.4
5,52.0,gpu,10,32,tensorflow,CIFAR100,resnet101,131.86,38.962,38907.0,84.173,4.538,0.185,0.172,0.174,0.15
5,53.0,gpu,10,32,tensorflow,CIFAR100,resnet101,132.71,38.942,38907.0,84.558,4.596,0.17,0.158,0.162,0.142
5,63.0,gpu,10,64,tensorflow,SVHN,resnet152,145.283,41.135,38907.0,87.508,5.135,0.667,0.618,0.655,0.633
5,75.0,gpu,10,32,tensorflow,CIFAR10,resnet152,131.512,39.46,38907.0,84.438,3.94,0.422,0.412,0.414,0.4
5,76.0,gpu,10,32,tensorflow,CIFAR100,resnet152,128.001,37.546,38907.0,84.444,3.921,0.124,0.122,0.125,0.102
5,77.0,gpu,10,32,tensorflow,SVHN,resnet101,133.943,40.935,38907.0,84.649,4.571,0.716,0.68,0.711,0.69
5,78.0,gpu,10,32,tensorflow,SVHN,resnet101,125.213,37.949,38907.0,82.423,4.359,0.596,0.559,0.6,0.56
5,110.0,gpu,10,32,tensorflow,SVHN,resnet152,132.549,39.454,38907.0,84.689,3.918,0.444,0.41,0.46,0.396
6,7.0,gpu,10,256,tensorflow,CIFAR10,resnet50,167.709,42.429,38907.0,80.571,10.429,0.435,0.433,0.433,0.429
6,7.0,gpu,10,256,tensorflow,CIFAR100,resnet50,165.487,43.571,38907.0,86.714,10.714,0.14,0.144,0.145,0.131
6,8.0,gpu,10,256,tensorflow,CIFAR10,resnet50,166.789,42.125,38907.0,88.875,9.625,0.425,0.427,0.427,0.423
6,8.0,gpu,10,256,tensorflow,CIFAR100,resnet50,144.349,41.375,38907.0,80.5,9.75,0.146,0.144,0.144,0.136
6,10.0,gpu,10,256,tensorflow,SVHN,resnet50,175.942,43.5,38907.0,90.0,11.1,0.726,0.705,0.734,0.713
6,11.0,gpu,10,128,tensorflow,CIFAR100,resnet50,170.616,44.273,38907.0,87.182,6.773,0.18,0.179,0.182,0.168
6,11.0,gpu,10,256,tensorflow,SVHN,resnet50,161.016,42.909,38907.0,82.727,9.727,0.736,0.726,0.746,0.728
6,12.0,gpu,10,128,tensorflow,CIFAR10,resnet50,151.657,41.375,38907.0,81.625,6.417,0.468,0.462,0.462,0.46
6,14.0,gpu,10,256,tensorflow,CIFAR10,resnet101,166.27,42.964,38907.0,82.429,8.929,0.434,0.434,0.434,0.43
6,14.0,gpu,10,256,tensorflow,CIFAR100,resnet101,167.454,45.5,38907.0,80.286,8.714,0.137,0.131,0.133,0.119
6,15.0,gpu,10,256,tensorflow,CIFAR100,resnet101,162.923,43.8,38907.0,81.6,8.533,0.143,0.144,0.145,0.134
6,16.0,gpu,10,128,tensorflow,SVHN,resnet50,163.435,42.312,38907.0,84.438,6.562,0.777,0.761,0.783,0.766
6,16.0,gpu,10,64,tensorflow,CIFAR10,resnet50,136.031,39.875,38907.0,83.688,6.812,0.527,0.523,0.523,0.521
6,16.0,gpu,10,64,tensorflow,CIFAR100,resnet50,141.222,38.875,38907.0,85.875,6.875,0.201,0.195,0.196,0.184
6,17.0,gpu,10,128,tensorflow,SVHN,resnet50,157.568,42.353,38907.0,86.941,6.765,0.766,0.754,0.772,0.757
6,17.0,gpu,10,64,tensorflow,CIFAR10,resnet50,137.524,39.588,38907.0,78.588,6.353,0.517,0.504,0.504,0.504
6,17.0,gpu,10,64,tensorflow,CIFAR100,resnet50,135.205,38.235,38907.0,81.412,6.412,0.212,0.198,0.201,0.191
6,20.0,gpu,10,256,tensorflow,CIFAR10,resnet152,165.68,43.85,38907.0,81.1,8.275,0.418,0.417,0.418,0.412
6,20.0,gpu,10,256,tensorflow,CIFAR100,resnet152,163.318,43.1,38907.0,80.2,8.15,0.137,0.134,0.136,0.123
6,20.0,gpu,10,256,tensorflow,SVHN,resnet101,169.173,43.45,38907.0,80.65,9.05,0.684,0.656,0.681,0.664
6,21.0,gpu,10,256,tensorflow,SVHN,resnet101,167.113,43.381,38907.0,82.0,8.857,0.656,0.635,0.66,0.642
6,22.0,gpu,10,128,tensorflow,CIFAR10,resnet101,185.59,45.048,38907.0,91.238,6.476,0.469,0.467,0.467,0.463
6,22.0,gpu,10,128,tensorflow,CIFAR100,resnet101,186.63,48.977,38907.0,90.864,5.932,0.158,0.152,0.153,0.14
6,24.0,gpu,10,128,tensorflow,CIFAR10,resnet101,162.32,41.833,38907.0,79.875,5.125,0.474,0.47,0.47,0.467
6,24.0,gpu,10,256,tensorflow,CIFAR100,resnet152,137.438,39.083,38907.0,69.083,6.958,0.127,0.13,0.133,0.116
6,25.0,gpu,10,64,tensorflow,SVHN,resnet50,128.653,39.28,38907.0,75.72,6.0,0.808,0.798,0.815,0.801
6,29.0,gpu,10,32,tensorflow,CIFAR10,resnet50,125.968,38.103,38907.0,77.638,5.362,0.492,0.475,0.475,0.464
6,29.0,gpu,10,32,tensorflow,CIFAR100,resnet50,125.155,36.948,38907.0,79.069,5.586,0.236,0.226,0.227,0.213
6,30.0,gpu,10,256,tensorflow,SVHN,resnet152,165.979,42.933,38907.0,79.5,8.067,0.586,0.54,0.579,0.552
6,30.0,gpu,10,64,tensorflow,CIFAR10,resnet101,144.946,41.833,38907.0,86.6,5.75,0.486,0.479,0.48,0.475
6,30.0,gpu,10,64,tensorflow,CIFAR100,resnet101,144.473,40.8,38907.0,86.083,5.733,0.172,0.163,0.165,0.15
6,31.0,gpu,10,256,tensorflow,SVHN,resnet152,161.677,42.129,38907.0,81.0,7.871,0.632,0.607,0.639,0.616
6,32.0,gpu,10,128,tensorflow,CIFAR10,resnet152,193.94,49.468,38907.0,90.758,5.806,0.442,0.441,0.441,0.436
6,32.0,gpu,10,128,tensorflow,CIFAR100,resnet152,187.057,46.194,38907.0,89.613,5.71,0.133,0.133,0.135,0.119
6,32.0,gpu,10,128,tensorflow,SVHN,resnet101,184.849,46.5,38907.0,91.0,6.25,0.732,0.718,0.736,0.72
6,33.0,gpu,10,128,tensorflow,CIFAR100,resnet152,174.06,45.121,38907.0,88.242,5.606,0.13,0.135,0.137,0.119
6,34.0,gpu,10,128,tensorflow,SVHN,resnet101,167.209,44.382,38907.0,81.853,5.735,0.743,0.724,0.744,0.732
6,42.0,gpu,10,32,tensorflow,SVHN,resnet50,124.464,37.952,38907.0,80.31,5.5,0.859,0.855,0.867,0.857
6,43.0,gpu,10,32,tensorflow,SVHN,resnet50,125.457,36.907,38907.0,79.116,5.558,0.835,0.836,0.844,0.834
6,43.0,gpu,10,64,tensorflow,CIFAR10,resnet152,145.547,40.872,38907.0,87.453,5.081,0.453,0.445,0.445,0.44
6,43.0,gpu,10,64,tensorflow,CIFAR100,resnet152,144.009,40.488,38907.0,86.988,5.035,0.163,0.152,0.155,0.138
6,43.0,gpu,10,64,tensorflow,SVHN,resnet101,146.418,41.349,38907.0,86.0,5.744,0.775,0.736,0.759,0.749
6,44.0,gpu,10,64,tensorflow,SVHN,resnet101,142.903,38.93,38907.0,87.093,5.837,0.776,0.76,0.777,0.765
6,47.0,gpu,10,128,tensorflow,SVHN,resnet152,184.874,48.936,38907.0,91.106,5.787,0.676,0.636,0.67,0.649
6,50.0,gpu,10,128,tensorflow,SVHN,resnet152,167.428,47.64,38907.0,81.86,5.64,0.666,0.631,0.666,0.643
6,52.0,gpu,10,32,tensorflow,CIFAR10,resnet101,129.749,38.231,38907.0,84.577,4.577,0.4,0.393,0.394,0.379
6,52.0,gpu,10,32,tensorflow,CIFAR100,resnet101,131.189,38.942,38907.0,84.673,4.596,0.206,0.19,0.194,0.174
6,53.0,gpu,10,32,tensorflow,CIFAR10,resnet101,137.369,40.925,38907.0,84.208,4.868,0.454,0.429,0.429,0.412
6,53.0,gpu,10,32,tensorflow,CIFAR100,resnet101,131.059,38.925,38907.0,84.623,4.528,0.211,0.189,0.189,0.175
6,62.0,gpu,10,64,tensorflow,SVHN,resnet152,147.62,41.081,38907.0,87.984,5.242,0.683,0.669,0.695,0.672
6,63.0,gpu,10,64,tensorflow,SVHN,resnet152,147.3,40.889,38907.0,87.317,5.048,0.685,0.664,0.688,0.668
6,75.0,gpu,10,32,tensorflow,CIFAR100,resnet152,128.157,37.647,38907.0,84.613,3.92,0.141,0.137,0.141,0.12
6,76.0,gpu,10,32,tensorflow,CIFAR10,resnet152,131.666,39.652,38907.0,84.834,3.907,0.432,0.424,0.426,0.412
6,77.0,gpu,10,32,tensorflow,SVHN,resnet101,132.005,40.961,38907.0,84.184,4.461,0.748,0.728,0.753,0.734
6,78.0,gpu,10,32,tensorflow,SVHN,resnet101,125.699,37.974,38907.0,83.143,4.39,0.693,0.656,0.692,0.666
6,109.0,gpu,10,32,tensorflow,SVHN,resnet152,132.569,41.722,38907.0,84.778,3.944,0.7,0.677,0.702,0.685
6,110.0,gpu,10,32,tensorflow,SVHN,resnet152,132.957,37.955,38907.0,84.491,3.909,0.409,0.368,0.436,0.362
7,7.0,gpu,10,256,tensorflow,CIFAR10,resnet50,172.639,42.643,38907.0,89.357,10.643,0.43,0.43,0.431,0.426
7,7.0,gpu,10,256,tensorflow,CIFAR100,resnet50,166.762,42.714,38907.0,86.286,10.429,0.146,0.146,0.148,0.138
7,10.0,gpu,10,256,tensorflow,SVHN,resnet50,174.963,43.6,38907.0,89.8,10.9,0.749,0.748,0.763,0.748
7,11.0,gpu,10,128,tensorflow,CIFAR10,resnet50,158.726,41.818,38907.0,85.682,6.727,0.475,0.474,0.475,0.472
7,11.0,gpu,10,128,tensorflow,CIFAR100,resnet50,169.689,44.591,38907.0,87.545,6.682,0.188,0.181,0.184,0.174
7,11.0,gpu,10,256,tensorflow,SVHN,resnet50,172.062,43.455,38907.0,89.182,10.182,0.741,0.724,0.749,0.731
7,14.0,gpu,10,256,tensorflow,CIFAR10,resnet101,166.42,43.429,38907.0,80.464,8.964,0.44,0.439,0.439,0.437
7,14.0,gpu,10,256,tensorflow,CIFAR100,resnet101,167.482,44.857,38907.0,81.071,8.929,0.144,0.146,0.147,0.136
7,16.0,gpu,10,128,tensorflow,SVHN,resnet50,160.598,42.656,38907.0,86.562,6.719,0.78,0.768,0.785,0.773
7,16.0,gpu,10,64,tensorflow,CIFAR10,resnet50,137.151,39.75,38907.0,80.625,6.562,0.508,0.498,0.498,0.492
7,16.0,gpu,10,64,tensorflow,CIFAR100,resnet50,136.441,38.812,38907.0,84.594,6.594,0.216,0.205,0.207,0.198
7,17.0,gpu,10,64,tensorflow,CIFAR10,resnet50,138.13,39.824,38907.0,84.0,6.588,0.54,0.54,0.541,0.538
7,21.0,gpu,10,256,tensorflow,CIFAR10,resnet152,165.091,43.714,38907.0,79.024,7.738,0.413,0.406,0.406,0.406
7,21.0,gpu,10,256,tensorflow,CIFAR100,resnet152,164.625,43.19,38907.0,81.429,8.0,0.14,0.139,0.141,0.127
7,21.0,gpu,10,256,tensorflow,SVHN,resnet101,166.157,43.5,38907.0,82.238,8.929,0.698,0.666,0.695,0.678
7,22.0,gpu,10,128,tensorflow,CIFAR10,resnet101,179.271,45.0,38907.0,90.682,6.273,0.487,0.476,0.476,0.475
7,22.0,gpu,10,128,tensorflow,CIFAR100,resnet101,183.665,48.591,38907.0,90.864,6.182,0.159,0.16,0.161,0.146
7,23.0,gpu,10,128,tensorflow,CIFAR100,resnet101,185.524,49.391,38907.0,90.348,5.609,0.175,0.172,0.173,0.16
7,23.0,gpu,10,256,tensorflow,CIFAR100,resnet152,135.23,39.087,38907.0,67.957,6.957,0.142,0.138,0.14,0.126
7,24.0,gpu,10,128,tensorflow,CIFAR10,resnet101,161.675,42.125,38907.0,79.708,5.0,0.473,0.474,0.474,0.47
7,25.0,gpu,10,64,tensorflow,SVHN,resnet50,126.136,39.84,38907.0,75.28,5.92,0.814,0.808,0.822,0.808
7,26.0,gpu,10,64,tensorflow,SVHN,resnet50,128.949,38.885,38907.0,76.769,5.923,0.825,0.828,0.836,0.825
7,28.0,gpu,10,32,tensorflow,CIFAR10,resnet50,126.528,39.214,38907.0,78.75,5.5,0.544,0.528,0.528,0.528
7,28.0,gpu,10,32,tensorflow,CIFAR100,resnet50,130.185,37.0,38907.0,80.071,5.821,0.264,0.253,0.255,0.242
7,29.0,gpu,10,64,tensorflow,CIFAR10,resnet101,150.152,42.931,38907.0,87.517,5.897,0.486,0.489,0.489,0.482
7,29.0,gpu,10,64,tensorflow,CIFAR100,resnet101,145.909,40.931,38907.0,86.862,5.828,0.205,0.19,0.192,0.178
7,30.0,gpu,10,256,tensorflow,SVHN,resnet152,166.442,42.379,38907.0,79.69,8.31,0.657,0.627,0.659,0.634
7,30.0,gpu,10,32,tensorflow,CIFAR10,resnet50,124.349,36.933,38907.0,77.6,5.133,0.479,0.472,0.474,0.467
7,30.0,gpu,10,32,tensorflow,CIFAR100,resnet50,126.717,36.933,38907.0,78.8,5.467,0.249,0.234,0.233,0.22
7,30.0,gpu,10,64,tensorflow,CIFAR10,resnet101,146.566,40.897,38907.0,85.448,5.759,0.497,0.497,0.499,0.493
7,30.0,gpu,10,64,tensorflow,CIFAR100,resnet101,144.383,40.8,38907.0,85.1,5.633,0.196,0.181,0.183,0.171
7,31.0,gpu,10,256,tensorflow,SVHN,resnet152,161.457,42.613,38907.0,80.548,7.839,0.62,0.581,0.621,0.592
7,32.0,gpu,10,128,tensorflow,CIFAR10,resnet152,188.623,49.266,38907.0,89.797,5.688,0.454,0.455,0.454,0.449
7,32.0,gpu,10,128,tensorflow,CIFAR100,resnet152,181.727,46.188,38907.0,90.969,5.75,0.16,0.154,0.155,0.141
7,33.0,gpu,10,128,tensorflow,CIFAR100,resnet152,175.998,45.303,38907.0,88.091,5.576,0.157,0.153,0.153,0.139
7,33.0,gpu,10,128,tensorflow,SVHN,resnet101,182.969,46.303,38907.0,89.697,6.152,0.738,0.734,0.75,0.732
7,34.0,gpu,10,128,tensorflow,SVHN,resnet101,166.172,44.147,38907.0,82.147,5.735,0.74,0.728,0.747,0.731
7,42.0,gpu,10,32,tensorflow,SVHN,resnet50,121.3,36.94,38907.0,78.714,5.405,0.863,0.855,0.868,0.858
7,43.0,gpu,10,64,tensorflow,CIFAR10,resnet152,146.518,40.894,38907.0,87.483,5.094,0.462,0.458,0.459,0.456
7,43.0,gpu,10,64,tensorflow,CIFAR100,resnet152,143.034,40.488,38907.0,87.163,5.047,0.174,0.159,0.161,0.145
7,44.0,gpu,10,64,tensorflow,CIFAR100,resnet152,141.965,40.523,38907.0,86.682,4.955,0.164,0.153,0.155,0.139
7,44.0,gpu,10,64,tensorflow,SVHN,resnet101,145.086,40.466,38907.0,86.659,5.739,0.784,0.766,0.782,0.772
7,47.0,gpu,10,128,tensorflow,SVHN,resnet152,186.731,48.681,38907.0,91.106,5.766,0.688,0.659,0.689,0.667
7,49.0,gpu,10,128,tensorflow,SVHN,resnet152,170.033,47.245,38907.0,81.429,5.694,0.695,0.671,0.697,0.679
7,52.0,gpu,10,32,tensorflow,CIFAR10,resnet101,137.411,41.115,38907.0,84.462,4.942,0.474,0.47,0.47,0.467
7,52.0,gpu,10,32,tensorflow,CIFAR100,resnet101,131.206,38.971,38907.0,84.951,4.592,0.216,0.198,0.2,0.185
7,53.0,gpu,10,32,tensorflow,CIFAR10,resnet101,129.378,38.415,38907.0,82.962,4.434,0.41,0.41,0.41,0.404
7,63.0,gpu,10,64,tensorflow,SVHN,resnet152,147.414,40.96,38907.0,87.403,5.153,0.716,0.7,0.722,0.703
7,75.0,gpu,10,32,tensorflow,CIFAR10,resnet152,132.072,39.973,38907.0,85.041,3.946,0.44,0.444,0.444,0.423
7,76.0,gpu,10,32,tensorflow,CIFAR10,resnet152,130.546,39.237,38907.0,84.553,3.895,0.408,0.401,0.4,0.397
7,76.0,gpu,10,32,tensorflow,CIFAR100,resnet152,128.391,37.907,38907.0,84.285,3.907,0.168,0.156,0.158,0.139
7,76.0,gpu,10,32,tensorflow,SVHN,resnet101,131.073,40.737,38907.0,84.618,4.539,0.785,0.767,0.785,0.773
7,78.0,gpu,10,32,tensorflow,SVHN,resnet101,125.702,38.051,38907.0,83.141,4.359,0.721,0.713,0.735,0.714
7,110.0,gpu,10,32,tensorflow,SVHN,resnet152,131.381,39.954,38907.0,84.681,3.927,0.639,0.61,0.646,0.617
8,7.0,gpu,10,256,tensorflow,CIFAR10,resnet50,171.223,43.214,38907.0,89.214,10.714,0.437,0.436,0.436,0.432
8,8.0,gpu,10,256,tensorflow,CIFAR100,resnet50,161.594,43.062,38907.0,85.875,10.0,0.153,0.152,0.154,0.145
8,10.0,gpu,10,256,tensorflow,SVHN,resnet50,171.485,43.9,38907.0,89.6,11.0,0.755,0.735,0.755,0.741
8,11.0,gpu,10,128,tensorflow,CIFAR10,resnet50,159.369,41.909,38907.0,86.455,6.727,0.488,0.48,0.48,0.477
8,11.0,gpu,10,128,tensorflow,CIFAR100,resnet50,168.246,44.955,38907.0,88.591,6.773,0.193,0.186,0.187,0.18
8,11.0,gpu,10,256,tensorflow,SVHN,resnet50,171.504,43.727,38907.0,84.273,9.636,0.761,0.755,0.774,0.757
8,12.0,gpu,10,128,tensorflow,CIFAR10,resnet50,155.312,41.667,38907.0,85.833,6.5,0.488,0.489,0.488,0.485
8,14.0,gpu,10,256,tensorflow,CIFAR10,resnet101,171.504,44.5,38907.0,80.714,9.0,0.442,0.434,0.432,0.432
8,14.0,gpu,10,256,tensorflow,CIFAR100,resnet101,165.445,44.071,38907.0,79.786,9.0,0.16,0.163,0.165,0.154
8,15.0,gpu,10,256,tensorflow,CIFAR10,resnet101,158.735,42.4,38907.0,80.733,8.8,0.455,0.457,0.457,0.455
8,15.0,gpu,10,256,tensorflow,CIFAR100,resnet101,164.012,45.4,38907.0,81.067,8.733,0.148,0.145,0.146,0.137
8,16.0,gpu,10,64,tensorflow,CIFAR10,resnet50,136.082,39.812,38907.0,81.125,6.688,0.508,0.502,0.501,0.498
8,16.0,gpu,10,64,tensorflow,CIFAR100,resnet50,136.743,38.906,38907.0,83.688,6.688,0.234,0.22,0.221,0.213
8,17.0,gpu,10,128,tensorflow,SVHN,resnet50,161.887,42.647,38907.0,87.118,6.735,0.792,0.774,0.795,0.78
8,21.0,gpu,10,256,tensorflow,CIFAR10,resnet152,161.838,43.619,38907.0,81.452,8.0,0.43,0.43,0.43,0.428
8,21.0,gpu,10,256,tensorflow,CIFAR100,resnet152,159.104,43.333,38907.0,81.143,7.952,0.135,0.139,0.142,0.127
8,21.0,gpu,10,256,tensorflow,SVHN,resnet101,165.84,43.476,38907.0,82.143,8.81,0.699,0.682,0.707,0.688
8,22.0,gpu,10,128,tensorflow,CIFAR10,resnet101,180.484,45.091,38907.0,90.727,6.182,0.487,0.48,0.48,0.479
8,22.0,gpu,10,128,tensorflow,CIFAR100,resnet101,186.77,49.114,38907.0,90.682,5.955,0.18,0.174,0.176,0.164
8,23.0,gpu,10,128,tensorflow,CIFAR10,resnet101,167.503,42.545,38907.0,79.773,5.273,0.485,0.489,0.489,0.484
8,23.0,gpu,10,256,tensorflow,CIFAR100,resnet152,134.665,39.087,38907.0,69.652,7.0,0.144,0.138,0.14,0.129
8,25.0,gpu,10,64,tensorflow,SVHN,resnet50,127.844,38.88,38907.0,74.44,5.8,0.835,0.832,0.846,0.833
8,26.0,gpu,10,64,tensorflow,SVHN,resnet50,128.4,39.923,38907.0,76.346,5.923,0.834,0.82,0.838,0.826
8,29.0,gpu,10,32,tensorflow,CIFAR10,resnet50,124.425,38.155,38907.0,77.793,5.379,0.52,0.504,0.504,0.498
8,29.0,gpu,10,32,tensorflow,CIFAR100,resnet50,126.876,36.983,38907.0,78.724,5.431,0.265,0.25,0.251,0.24
8,30.0,gpu,10,256,tensorflow,SVHN,resnet152,161.378,42.567,38907.0,80.833,8.3,0.618,0.613,0.641,0.613
8,30.0,gpu,10,64,tensorflow,CIFAR10,resnet101,146.849,41.614,38907.0,86.605,5.78,0.503,0.504,0.504,0.497
8,30.0,gpu,10,64,tensorflow,CIFAR100,resnet101,147.877,40.867,38907.0,85.767,5.7,0.205,0.185,0.186,0.177
8,31.0,gpu,10,256,tensorflow,SVHN,resnet152,161.929,42.323,38907.0,80.097,7.968,0.675,0.653,0.677,0.66
8,31.0,gpu,10,64,tensorflow,CIFAR100,resnet101,142.378,41.161,38907.0,84.774,5.548,0.209,0.188,0.19,0.182
8,32.0,gpu,10,128,tensorflow,CIFAR10,resnet152,185.985,49.047,38907.0,90.109,5.75,0.464,0.46,0.461,0.458
8,32.0,gpu,10,128,tensorflow,CIFAR100,resnet152,184.613,45.868,38907.0,90.106,5.778,0.164,0.158,0.16,0.147
8,32.0,gpu,10,128,tensorflow,SVHN,resnet101,183.805,46.419,38907.0,91.032,6.323,0.761,0.754,0.769,0.755
8,35.0,gpu,10,128,tensorflow,SVHN,resnet101,160.788,43.829,38907.0,81.114,5.629,0.765,0.738,0.759,0.746
8,42.0,gpu,10,32,tensorflow,SVHN,resnet50,123.797,36.976,38907.0,79.238,5.571,0.871,0.865,0.875,0.867
8,43.0,gpu,10,32,tensorflow,SVHN,resnet50,124.38,36.905,38907.0,77.214,5.31,0.859,0.867,0.871,0.861
8,43.0,gpu,10,64,tensorflow,CIFAR10,resnet152,145.72,40.86,38907.0,87.372,5.07,0.472,0.461,0.462,0.462
8,43.0,gpu,10,64,tensorflow,CIFAR100,resnet152,144.56,40.48,38907.0,86.648,5.094,0.18,0.168,0.17,0.158
8,43.0,gpu,10,64,tensorflow,SVHN,resnet101,146.036,39.628,38907.0,87.07,5.837,0.812,0.789,0.807,0.799
8,44.0,gpu,10,64,tensorflow,SVHN,resnet101,144.538,42.023,38907.0,87.091,5.795,0.784,0.774,0.785,0.775
8,46.0,gpu,10,128,tensorflow,SVHN,resnet152,188.038,48.889,38907.0,90.8,5.867,0.705,0.673,0.698,0.683
8,50.0,gpu,10,128,tensorflow,SVHN,resnet152,168.009,46.56,38907.0,82.26,5.58,0.723,0.697,0.718,0.705
8,52.0,gpu,10,32,tensorflow,CIFAR10,resnet101,127.018,38.608,38907.0,84.608,4.549,0.433,0.433,0.435,0.431
8,52.0,gpu,10,32,tensorflow,CIFAR100,resnet101,131.705,38.962,38907.0,84.385,4.423,0.209,0.192,0.194,0.178
8,53.0,gpu,10,32,tensorflow,CIFAR10,resnet101,136.627,41.635,38907.0,84.846,4.923,0.476,0.467,0.467,0.462
8,53.0,gpu,10,32,tensorflow,CIFAR100,resnet101,131.392,38.943,38907.0,84.547,4.434,0.239,0.209,0.211,0.198
8,62.0,gpu,10,64,tensorflow,SVHN,resnet152,148.271,40.887,38907.0,87.081,5.097,0.742,0.711,0.734,0.72
8,63.0,gpu,10,64,tensorflow,SVHN,resnet152,146.65,41.063,38907.0,88.111,5.19,0.716,0.709,0.729,0.711
8,75.0,gpu,10,32,tensorflow,CIFAR10,resnet152,131.814,39.466,38907.0,84.723,3.933,0.42,0.415,0.416,0.401
8,75.0,gpu,10,32,tensorflow,CIFAR100,resnet152,129.352,37.967,38907.0,84.724,3.933,0.174,0.169,0.174,0.152
8,77.0,gpu,10,32,tensorflow,SVHN,resnet101,131.874,39.948,38907.0,84.494,4.506,0.788,0.776,0.791,0.78
8,78.0,gpu,10,32,tensorflow,SVHN,resnet101,128.29,40.532,38907.0,82.403,4.325,0.652,0.597,0.641,0.608
8,110.0,gpu,10,32,tensorflow,SVHN,resnet152,131.334,39.477,38907.0,84.784,3.922,0.687,0.662,0.691,0.67
9,7.0,gpu,10,256,tensorflow,CIFAR10,resnet50,168.639,43.286,38907.0,87.429,11.286,0.427,0.43,0.429,0.426
9,7.0,gpu,10,256,tensorflow,CIFAR100,resnet50,167.038,43.357,38907.0,86.5,10.357,0.161,0.158,0.16,0.152
9,8.0,gpu,10,256,tensorflow,CIFAR10,resnet50,164.401,43.125,38907.0,89.25,9.625,0.429,0.436,0.436,0.43
9,10.0,gpu,10,256,tensorflow,SVHN,resnet50,176.884,44.3,38907.0,89.8,10.8,0.766,0.757,0.776,0.76
9,11.0,gpu,10,128,tensorflow,CIFAR10,resnet50,153.038,41.818,38907.0,84.364,6.909,0.489,0.486,0.486,0.484
9,11.0,gpu,10,128,tensorflow,CIFAR100,resnet50,154.279,44.727,38907.0,87.364,6.545,0.194,0.19,0.191,0.182
9,11.0,gpu,10,256,tensorflow,SVHN,resnet50,180.02,44.1,38907.0,85.8,10.2,0.756,0.747,0.768,0.749
9,12.0,gpu,10,128,tensorflow,CIFAR10,resnet50,152.861,41.917,38907.0,81.917,6.5,0.499,0.498,0.498,0.498
9,12.0,gpu,10,128,tensorflow,CIFAR100,resnet50,165.948,44.833,38907.0,88.5,6.583,0.206,0.195,0.197,0.191
9,14.0,gpu,10,256,tensorflow,CIFAR10,resnet101,161.874,42.714,38907.0,80.571,9.0,0.461,0.457,0.457,0.455
9,14.0,gpu,10,256,tensorflow,CIFAR100,resnet101,167.0,44.893,38907.0,80.857,9.036,0.16,0.158,0.16,0.148
9,15.0,gpu,10,256,tensorflow,CIFAR10,resnet101,161.619,44.6,38907.0,81.467,8.6,0.441,0.442,0.443,0.44
9,16.0,gpu,10,128,tensorflow,SVHN,resnet50,155.386,42.656,38907.0,86.125,6.781,0.805,0.797,0.812,0.8
9,16.0,gpu,10,64,tensorflow,CIFAR10,resnet50,133.61,39.781,38907.0,81.562,6.688,0.538,0.53,0.53,0.525
9,16.0,gpu,10,64,tensorflow,CIFAR100,resnet50,142.128,39.438,38907.0,85.25,6.625,0.253,0.218,0.219,0.219
9,17.0,gpu,10,64,tensorflow,CIFAR100,resnet50,134.972,38.824,38907.0,83.706,6.471,0.242,0.227,0.229,0.22
9,20.0,gpu,10,256,tensorflow,CIFAR10,resnet152,166.654,44.8,38907.0,79.95,8.05,0.426,0.427,0.427,0.425
9,20.0,gpu,10,256,tensorflow,CIFAR100,resnet152,166.764,43.4,38907.0,81.65,8.3,0.15,0.148,0.151,0.137
9,21.0,gpu,10,256,tensorflow,CIFAR10,resnet152,161.532,42.286,38907.0,79.476,7.81,0.446,0.43,0.43,0.433
9,21.0,gpu,10,256,tensorflow,SVHN,resnet101,160.057,43.452,38907.0,78.619,8.571,0.706,0.692,0.714,0.696
9,22.0,gpu,10,128,tensorflow,CIFAR10,resnet101,183.471,45.273,38907.0,90.591,6.227,0.477,0.481,0.481,0.475
9,22.0,gpu,10,128,tensorflow,CIFAR100,resnet101,192.32,49.667,38907.0,91.429,5.857,0.207,0.18,0.182,0.176
9,23.0,gpu,10,128,tensorflow,CIFAR100,resnet101,182.604,49.0,38907.0,90.174,6.174,0.176,0.172,0.173,0.162
9,24.0,gpu,10,128,tensorflow,CIFAR10,resnet101,159.436,42.417,38907.0,79.042,5.0,0.491,0.486,0.486,0.484
9,24.0,gpu,10,256,tensorflow,CIFAR100,resnet152,133.75,39.125,38907.0,69.25,7.0,0.144,0.142,0.145,0.133
9,25.0,gpu,10,64,tensorflow,SVHN,resnet50,128.296,39.92,38907.0,74.96,5.88,0.837,0.83,0.845,0.832
9,26.0,gpu,10,64,tensorflow,SVHN,resnet50,125.45,38.808,38907.0,76.615,6.0,0.849,0.844,0.857,0.844
9,29.0,gpu,10,32,tensorflow,CIFAR10,resnet50,127.292,39.071,38907.0,78.393,5.536,0.557,0.553,0.552,0.547
9,29.0,gpu,10,32,tensorflow,CIFAR100,resnet50,125.972,36.966,38907.0,79.31,5.603,0.275,0.261,0.262,0.253
9,30.0,gpu,10,256,tensorflow,SVHN,resnet152,166.148,42.5,38907.0,81.267,8.0,0.699,0.659,0.69,0.673
9,30.0,gpu,10,32,tensorflow,CIFAR10,resnet50,126.061,37.103,38907.0,77.241,5.0,0.519,0.518,0.518,0.514
9,30.0,gpu,10,64,tensorflow,CIFAR10,resnet101,145.898,41.4,38907.0,86.483,5.733,0.516,0.502,0.503,0.5
9,30.0,gpu,10,64,tensorflow,CIFAR100,resnet101,146.85,41.733,38907.0,87.183,5.767,0.218,0.204,0.204,0.196
9,31.0,gpu,10,256,tensorflow,SVHN,resnet152,163.917,42.4,38907.0,80.833,8.033,0.659,0.63,0.661,0.64
9,32.0,gpu,10,128,tensorflow,CIFAR10,resnet152,189.578,49.375,38907.0,90.031,5.688,0.47,0.473,0.472,0.468
9,32.0,gpu,10,128,tensorflow,CIFAR100,resnet152,179.5,45.875,38907.0,90.922,5.812,0.178,0.172,0.174,0.16
9,32.0,gpu,10,128,tensorflow,SVHN,resnet101,181.106,46.438,38907.0,89.812,6.219,0.767,0.762,0.778,0.762
9,33.0,gpu,10,128,tensorflow,CIFAR10,resnet152,183.674,48.485,38907.0,88.939,5.485,0.466,0.463,0.462,0.461
9,34.0,gpu,10,128,tensorflow,SVHN,resnet101,165.593,44.0,38907.0,81.441,5.706,0.775,0.755,0.776,0.761
9,42.0,gpu,10,32,tensorflow,SVHN,resnet50,124.592,36.94,38907.0,78.672,5.507,0.87,0.864,0.875,0.866
9,43.0,gpu,10,64,tensorflow,CIFAR10,resnet152,147.786,40.906,38907.0,86.162,5.047,0.485,0.476,0.476,0.47
9,43.0,gpu,10,64,tensorflow,CIFAR100,resnet152,145.14,40.81,38907.0,86.5,5.095,0.19,0.183,0.185,0.17
9,44.0,gpu,10,64,tensorflow,CIFAR100,resnet152,142.48,40.227,38907.0,86.75,4.955,0.203,0.183,0.185,0.171
9,44.0,gpu,10,64,tensorflow,SVHN,resnet101,144.118,41.086,38907.0,86.702,5.77,0.8,0.799,0.809,0.797
9,47.0,gpu,10,128,tensorflow,SVHN,resnet152,184.208,48.511,38907.0,90.979,5.702,0.719,0.702,0.723,0.708
9,49.0,gpu,10,128,tensorflow,SVHN,resnet152,168.782,46.688,38907.0,82.062,5.75,0.721,0.704,0.726,0.71
9,52.0,gpu,10,32,tensorflow,CIFAR10,resnet101,133.223,41.942,38907.0,85.077,4.923,0.511,0.496,0.497,0.494
9,52.0,gpu,10,32,tensorflow,CIFAR100,resnet101,131.717,38.98,38907.0,85.314,4.608,0.239,0.228,0.231,0.217
9,53.0,gpu,10,32,tensorflow,CIFAR10,resnet101,128.571,38.736,38907.0,84.132,4.528,0.452,0.436,0.436,0.43
9,53.0,gpu,10,32,tensorflow,CIFAR100,resnet101,131.138,38.925,38907.0,84.189,4.509,0.235,0.217,0.22,0.205
9,63.0,gpu,10,64,tensorflow,SVHN,resnet152,147.044,40.976,38907.0,87.476,5.151,0.759,0.732,0.755,0.742
9,75.0,gpu,10,32,tensorflow,CIFAR10,resnet152,129.953,38.96,38907.0,84.467,3.92,0.435,0.425,0.425,0.416
9,75.0,gpu,10,32,tensorflow,CIFAR100,resnet152,126.044,37.946,38907.0,84.662,3.946,0.184,0.174,0.176,0.16
9,76.0,gpu,10,32,tensorflow,CIFAR10,resnet152,131.348,39.645,38907.0,85.092,3.895,0.495,0.481,0.481,0.483
9,76.0,gpu,10,32,tensorflow,CIFAR100,resnet152,127.985,37.895,38907.0,83.816,3.882,0.182,0.169,0.17,0.156
9,77.0,gpu,10,32,tensorflow,SVHN,resnet101,130.03,39.026,38907.0,84.211,4.487,0.79,0.786,0.796,0.783
9,78.0,gpu,10,32,tensorflow,SVHN,resnet101,129.301,41.321,38907.0,83.026,4.372,0.769,0.739,0.765,0.748
9,110.0,gpu,10,32,tensorflow,SVHN,resnet152,131.213,39.977,38907.0,84.723,3.914,0.714,0.682,0.701,0.688
10,7.0,gpu,10,256,tensorflow,CIFAR10,resnet50,159.006,43.5,38907.0,87.071,10.429,0.433,0.436,0.435,0.433
10,7.0,gpu,10,256,tensorflow,CIFAR100,resnet50,170.141,44.286,38907.0,82.429,11.0,0.163,0.159,0.16,0.154
10,8.0,gpu,10,256,tensorflow,CIFAR100,resnet50,153.592,42.5,38907.0,78.875,9.625,0.158,0.153,0.154,0.147
10,10.0,gpu,10,256,tensorflow,SVHN,resnet50,174.123,44.3,38907.0,89.2,11.0,0.775,0.755,0.78,0.763
10,11.0,gpu,10,128,tensorflow,CIFAR10,resnet50,158.745,42.455,38907.0,86.818,6.727,0.495,0.495,0.495,0.495
10,11.0,gpu,10,128,tensorflow,CIFAR100,resnet50,166.223,45.136,38907.0,86.409,6.636,0.205,0.19,0.191,0.188
10,11.0,gpu,10,256,tensorflow,SVHN,resnet50,170.588,44.091,38907.0,83.091,9.455,0.764,0.76,0.777,0.761
10,12.0,gpu,10,128,tensorflow,CIFAR10,resnet50,149.35,41.833,38907.0,85.583,6.5,0.497,0.484,0.485,0.479
10,14.0,gpu,10,256,tensorflow,CIFAR10,resnet101,166.857,43.964,38907.0,82.679,8.929,0.452,0.45,0.45,0.448
10,14.0,gpu,10,256,tensorflow,CIFAR100,resnet101,166.372,44.857,38907.0,81.607,8.964,0.161,0.16,0.161,0.152
10,16.0,gpu,10,128,tensorflow,SVHN,resnet50,159.816,42.75,38907.0,85.938,6.625,0.814,0.811,0.824,0.811
10,16.0,gpu,10,64,tensorflow,CIFAR10,resnet50,133.608,39.719,38907.0,83.781,6.781,0.546,0.542,0.543,0.542
10,16.0,gpu,10,64,tensorflow,CIFAR100,resnet50,140.94,39.344,38907.0,82.844,6.562,0.248,0.229,0.23,0.225
10,17.0,gpu,10,128,tensorflow,SVHN,resnet50,167.059,42.706,38907.0,87.176,6.706,0.818,0.807,0.825,0.812
10,20.0,gpu,10,256,tensorflow,CIFAR10,resnet152,166.582,42.5,38907.0,81.55,8.3,0.436,0.435,0.435,0.43
10,21.0,gpu,10,256,tensorflow,CIFAR10,resnet152,166.52,44.524,38907.0,81.286,8.0,0.444,0.441,0.442,0.438
10,21.0,gpu,10,256,tensorflow,CIFAR100,resnet152,164.844,43.333,38907.0,81.429,8.0,0.154,0.155,0.157,0.144
10,21.0,gpu,10,256,tensorflow,SVHN,resnet101,167.608,43.636,38907.0,82.34,9.1,0.71,0.7,0.721,0.703
10,22.0,gpu,10,128,tensorflow,CIFAR100,resnet101,187.171,49.364,38907.0,90.659,5.955,0.19,0.184,0.185,0.174
10,23.0,gpu,10,128,tensorflow,CIFAR10,resnet101,180.213,45.13,38907.0,88.957,6.087,0.504,0.499,0.5,0.499
10,23.0,gpu,10,256,tensorflow,CIFAR100,resnet152,139.05,39.522,38907.0,68.565,7.174,0.151,0.15,0.152,0.142
10,24.0,gpu,10,128,tensorflow,CIFAR10,resnet101,159.069,42.583,38907.0,80.875,5.167,0.496,0.488,0.488,0.489
10,25.0,gpu,10,64,tensorflow,SVHN,resnet50,129.165,38.88,38907.0,76.28,6.04,0.866,0.856,0.871,0.86
10,26.0,gpu,10,64,tensorflow,SVHN,resnet50,127.931,39.885,38907.0,75.385,5.808,0.838,0.834,0.847,0.835
10,29.0,gpu,10,32,tensorflow,CIFAR10,resnet50,127.133,38.414,38907.0,78.569,5.414,0.505,0.498,0.499,0.489
10,29.0,gpu,10,32,tensorflow,CIFAR100,resnet50,126.214,37.089,38907.0,79.536,5.589,0.276,0.258,0.26,0.254
10,29.0,gpu,10,64,tensorflow,CIFAR100,resnet101,147.468,40.964,38907.0,86.536,5.893,0.22,0.203,0.204,0.192
10,30.0,gpu,10,256,tensorflow,SVHN,resnet152,164.871,42.4,38907.0,80.733,8.067,0.681,0.658,0.683,0.663
10,30.0,gpu,10,64,tensorflow,CIFAR10,resnet101,144.484,41.317,38907.0,86.633,5.767,0.522,0.518,0.518,0.516
10,30.0,gpu,10,64,tensorflow,CIFAR100,resnet101,148.068,43.793,38907.0,87.586,5.897,0.23,0.212,0.211,0.205
10,32.0,gpu,10,128,tensorflow,CIFAR10,resnet152,182.285,49.094,38907.0,90.25,5.766,0.483,0.473,0.473,0.47
10,32.0,gpu,10,128,tensorflow,CIFAR100,resnet152,180.653,46.156,38907.0,89.781,5.781,0.181,0.168,0.169,0.16
10,33.0,gpu,10,128,tensorflow,CIFAR100,resnet152,181.137,45.515,38907.0,89.424,5.758,0.187,0.18,0.181,0.171
10,33.0,gpu,10,128,tensorflow,SVHN,resnet101,178.139,46.182,38907.0,90.667,6.212,0.78,0.761,0.78,0.766
10,34.0,gpu,10,128,tensorflow,SVHN,resnet101,169.786,44.303,38907.0,83.121,5.879,0.778,0.748,0.771,0.76
10,42.0,gpu,10,32,tensorflow,SVHN,resnet50,123.521,36.024,38907.0,79.667,5.548,0.868,0.871,0.88,0.869
10,43.0,gpu,10,32,tensorflow,SVHN,resnet50,123.029,37.302,38907.0,78.721,5.442,0.876,0.873,0.882,0.873
10,43.0,gpu,10,64,tensorflow,CIFAR10,resnet152,146.488,40.884,38907.0,87.302,5.035,0.482,0.48,0.481,0.474
10,43.0,gpu,10,64,tensorflow,CIFAR100,resnet152,145.12,40.419,38907.0,87.36,5.081,0.202,0.188,0.189,0.178
10,44.0,gpu,10,64,tensorflow,SVHN,resnet101,146.486,41.087,38907.0,86.038,5.758,0.82,0.802,0.818,0.808
10,47.0,gpu,10,128,tensorflow,SVHN,resnet152,185.753,48.468,38907.0,91.468,5.851,0.738,0.713,0.735,0.722
10,50.0,gpu,10,128,tensorflow,SVHN,resnet152,169.77,46.76,38907.0,82.18,5.7,0.737,0.721,0.741,0.727
10,52.0,gpu,10,32,tensorflow,CIFAR10,resnet101,129.184,38.558,38907.0,84.442,4.538,0.453,0.445,0.446,0.438
10,52.0,gpu,10,32,tensorflow,CIFAR100,resnet101,131.692,38.951,38907.0,84.971,4.612,0.254,0.229,0.232,0.222
10,53.0,gpu,10,32,tensorflow,CIFAR10,resnet101,133.495,41.943,38907.0,84.453,4.887,0.512,0.492,0.493,0.49
10,63.0,gpu,10,64,tensorflow,SVHN,resnet152,146.57,40.952,38907.0,87.548,5.258,0.774,0.742,0.769,0.753
10,64.0,gpu,10,64,tensorflow,SVHN,resnet152,146.124,40.841,38907.0,86.238,5.048,0.755,0.748,0.762,0.747
10,75.0,gpu,10,32,tensorflow,CIFAR10,resnet152,131.728,38.973,38907.0,85.311,3.946,0.502,0.493,0.495,0.484
10,76.0,gpu,10,32,tensorflow,CIFAR10,resnet152,130.174,38.0,38907.0,84.447,3.895,0.426,0.41,0.411,0.4
10,76.0,gpu,10,32,tensorflow,CIFAR100,resnet152,127.231,37.947,38907.0,84.847,3.907,0.2,0.188,0.191,0.172
10,77.0,gpu,10,32,tensorflow,SVHN,resnet101,129.993,38.221,38907.0,84.455,4.481,0.813,0.801,0.816,0.803
10,78.0,gpu,10,32,tensorflow,SVHN,resnet101,129.437,40.846,38907.0,82.333,4.346,0.78,0.771,0.787,0.771
10,110.0,gpu,10,32,tensorflow,SVHN,resnet152,131.342,40.202,38907.0,84.968,3.936,0.738,0.716,0.738,0.722
